,index,ticker,ytdReturn,3 Year,yield_db,esg_global_score,id,symbol,yield,ytdReturn,threeYearAverageReturn,fiveYearAverageReturn,cashPosition,stockPosition,bondPosition,otherPosition,basic_materials,communication_services,consumer_cyclical,consumer_defensive,energy,financial_services,healthcare,industrials,realestate,technology,utilities,stock_id,meanAnnualReturn,standardDeviation
0,122,ESGD,0.0529,0.0444,0.000247,0.9976999999999999,1,ESGD,0.024300002,0.043059703,0.0425825,0.042333104,0.007099999599999999,0.9921,0.0,0.0,0.0717,0.040799998,0.1083,0.0956,0.0556,0.1892,0.129,0.1616,0.0238,0.09300000000000001,0.0313,1,0.42,18.66
1,123,EIRL,0.15839999999999999,0.08470000000000001,8.5e-05,0.9873999999999999,2,EIRL,0.0085,0.1425921,0.0830035,0.060140099999999995,0.0044,0.9957,0.0,0.0,0.23110001,0.0,0.3261,0.1319,0.0,0.0952,0.0624,0.1426,0.0107,0.0,0.0,2,0.66,24.17
2,124,EWN,0.004699999999999999,0.020099999999999996,0.00018800000000000002,0.9858,3,EWN,0.0188,0.004143600000000001,0.022549200000000002,0.07075989999999999,0.0039,0.9961,0.0,0.0,0.05,0.1287,0.0294,0.1552,0.0177,0.1446,0.0356,0.1275,0.0106,0.3007,0.0,3,0.75,23.41
3,125,SUSA,0.1036,0.06709999999999999,0.000135,0.9856999999999999,4,SUSA,0.0148,0.0919413,0.06872400000000001,0.11222850000000001,0.0026,0.9974,0.0,0.0,0.0257,0.0574,0.083000004,0.0883,0.045100003,0.0958,0.1337,0.11800000000000001,0.0322,0.3123,0.0084,4,0.96,19.52
4,126,EWP,0.1258,0.0966,0.000265,0.9812000000000001,5,EWP,0.026300002000000003,0.123866595,0.0969567,0.0214297,0.0022,0.9978,0.0,0.0,0.0,0.047199998,0.0866,0.0,0.049000002,0.3234,0.0209,0.1397,0.0427,0.0,0.2904,5,0.36,23.7
5,127,ENOR,-0.0275,0.07139999999999999,0.000485,0.9793000000000001,6,ENOR,0.0477,-0.0380534,0.067930296,-0.007894400000000001,0.0034,0.99660003,0.0,0.0,0.1033,0.088599995,0.0027,0.1387,0.3205,0.1924,0.002,0.1116,0.0038,0.032,0.0043,6,0.21,27.13
6,128,DMXF,0.048499999999999995,0.0196,0.000213,0.9790000000000001,7,DMXF,0.021,0.0410771,0.0188457,0.0,0.007099999599999999,0.9915,0.0,0.0,0.0757,0.060300004000000004,0.0776,0.0349,0.0,0.2175,0.121800005,0.20709999,0.0448,0.1548,0.0056,7,0.0,0.0
7,131,FEZ,0.0919,0.0691,0.0325,0.9743999999999999,10,FEZ,0.0323,0.0900742,0.0702503,0.05682869999999999,0.00029999999,0.98440003,0.0153,0.0,0.0424,0.038900002999999996,0.1909,0.0817,0.066199996,0.1626,0.0736,0.1571,0.0,0.1497,0.037000000000000005,10,0.61,22.78
8,132,GRID,0.04190000000000001,0.1072,0.000134,0.9727,11,GRID,0.0128999995,0.026340598,0.10419310000000001,0.16812779999999997,0.0037,0.9963,0.0,0.0,0.0002,0.0,0.0659,0.0,0.0,0.0,0.0,0.5345,0.0,0.2013,0.1981,11,1.49,25.24
9,133,IQLT,0.0447,0.038900000000000004,0.00023199999999999997,0.9712999999999999,12,IQLT,0.0235,0.0351999,0.0378403,0.061424900000000004,0.0089,0.9888,0.0,0.0,0.081499994,0.0398,0.1086,0.0915,0.0661,0.1966,0.1265,0.1516,0.0222,0.0836,0.0321,12,0.55,18.34
10,134,EUFN,0.1094,0.1516,0.000428,0.9709,13,EUFN,0.0424,0.0989228,0.1481964,0.038363699999999994,0.0078,0.9922,0.0,0.0,0.0,0.0,0.0056,0.0,0.0,0.97269994,0.0,0.0032,0.0,0.0185,0.0,13,0.52,27.23
11,135,EWL,0.0518,0.0344,0.00023300000000000003,0.9645999999999999,14,EWL,0.0234,0.0392749,0.031285,0.07377710000000001,0.0119,0.9881,0.0,0.0,0.0838,0.0117999995,0.0584,0.2195,0.0,0.17600000000000002,0.32740003,0.099300005,0.0062,0.0136,0.004,14,0.65,16.34
12,136,EFG,0.0239,-0.0102,0.000127,0.9623,15,EFG,0.0127,0.0135745,-0.012184299999999999,0.040324796,0.0061000003,0.9925,0.0,0.0,0.0539,0.0395,0.13270001,0.1365,0.0032,0.084300004,0.18280001,0.188,0.0128999995,0.1599,0.0063,15,0.39,18.82
13,137,IEV,0.0622,0.0633,0.000272,0.9617,16,IEV,0.0273,0.053847097000000003,0.0626358,0.048919300000000006,0.0013,0.9986,0.0,0.0,0.0673,0.0357,0.1039,0.1216,0.0664,0.1776,0.16399999,0.14829999,0.0082,0.0685,0.0385,16,0.49,20.03
14,140,EDEN,0.04,0.051399999999999994,0.00019199999999999998,0.9534,19,EDEN,0.019,0.022929499,0.047733102,0.11924000000000001,0.010299999,0.9897,0.0,0.0,0.044299997,0.0,0.0309,0.053200002999999996,0.007099999599999999,0.1355,0.42259997,0.26229998,0.0,0.0182,0.025899999,19,1.03,20.01
15,142,PIO,-0.0051,0.0058,0.01,0.9520000000000001,21,PIO,0.0095,-0.0073874,0.008383701,0.0730242,-0.001,1.0009999,0.0,0.0,0.0394,0.0,0.0081,0.0,0.0,0.0,0.1205,0.6332,0.0,0.0836,0.115100004,21,0.72,19.76
16,143,EZU,0.0617,0.046,0.000247,0.9509000000000001,22,EZU,0.024600001,0.0579717,0.046644702999999996,0.040720599999999996,0.0026,0.9952,0.0,0.0,0.0541,0.0473,0.15529999,0.082100004,0.0507,0.1711,0.083000004,0.16520001,0.014199999,0.121199995,0.0557,22,0.48,22.81
17,144,HEZU,0.10210000000000001,0.1075,0.0020169999999999997,0.9508,23,HEZU,0.0198,0.092089504,0.10786810000000001,0.08163839999999999,0.003,0.99480003,0.0,0.0,0.054000000000000006,0.047199998,0.1552,0.081999995,0.0506,0.1709,0.0829,0.165,0.0154,0.12109999,0.0556,23,0.77,19.51
18,145,EWU,0.047599999999999996,0.1096,0.00034,0.9493,24,EWU,0.0346,0.036382599999999994,0.10941889999999999,0.0312427,0.0050999997,0.9949,0.0,0.0,0.105,0.0296,0.0529,0.1778,0.1464,0.1848,0.1426,0.10609999,0.0067000003,0.0077,0.0403,24,0.34,19.35
19,146,HEWU,0.0483,0.1442,0.00038399999999999996,0.9493,25,HEWU,0.0361,0.035856400000000004,0.1438956,0.058953099999999994,0.0076,0.9924,0.0,0.0,0.1028,0.0299,0.053000003,0.1775,0.14840001,0.1847,0.1434,0.105500005,0.0067000003,0.0077,0.0405,25,0.48,14.4
20,148,SOXX,0.3644,0.1419,9.400000000000001e-05,0.9457,27,SOXX,0.0094,0.34334580000000003,0.1378792,0.2415196,0.0018000001,0.9982,0.0,0.0,0.0,0.0,0.0,0.0,0.0,0.0,0.0,0.0,0.0,1.0,0.0,27,2.06,30.49
21,149,FDD,-0.0128,0.0547,0.0006479999999999999,0.9451999999999999,28,FDD,0.0641,-0.0210546,0.0525351,0.0133083,0.0166,0.9834,0.0,0.0,0.1885,0.058000002,0.1088,0.0,0.0691,0.3095,0.0,0.118999995,0.0463,0.0,0.1008,28,0.35,23.33
22,150,VGK,0.0546,0.0554,0.000339,0.9423999999999999,29,VGK,0.034,0.046122500000000004,0.0540918,0.0467226,0.0057,0.991,0.0,0.003,0.0624,0.0372,0.103999995,0.1097,0.0629,0.17629999,0.1558,0.16370001,0.0186,0.072399996,0.037000000000000005,29,0.49,20.64
23,151,IEUR,0.050499999999999996,0.0541,0.000305,0.9412999999999999,30,IEUR,0.0305,0.0418426,0.052891303,0.045278803,0.0064,0.9917,0.0,0.0005999999700000001,0.0669,0.0363,0.106000006,0.11470000400000001,0.0614,0.1722,0.1558,0.1612,0.0176,0.0706,0.0375,30,0.48,20.51
24,152,EWA,-0.027200000000000002,0.0508,0.000393,0.9406,31,EWA,0.0394,-0.0379331,0.050145503,0.0457098,0.0139,0.9861,0.0,0.0,0.2475,0.0187,0.0561,0.0523,0.0701,0.33810002,0.0953,0.043899997999999996,0.0557,0.016,0.0062,31,0.56,24.18
25,153,EWO,0.046900000000000004,0.12050000000000001,0.0005020000000000001,0.9393,32,EWO,0.050100002000000005,0.040541302,0.1194942,0.004360899999999999,0.0217,0.97830003,0.0,0.0,0.106800005,0.0,0.0,0.0117999995,0.1514,0.3729,0.0,0.1385,0.0639,0.0241,0.1305,32,0.32,27.74
26,154,SPEU,0.049400000000000006,0.0519,0.031400000000000004,0.9377,33,SPEU,0.0321,0.042209699999999996,0.051564597000000004,0.0507761,0.0032,0.99480003,0.0,0.0005,0.066199996,0.0376,0.1058,0.1116,0.0636,0.1674,0.15439999,0.16549999,0.0185,0.07200000000000001,0.0373,33,0.54,19.66
27,155,FKU,0.0207,0.0356,0.000297,0.9361,34,FKU,0.028499998,0.0045573,0.0341903,0.0098434,0.0092,0.96779996,0.0,0.023,0.113400005,0.0541,0.2522,0.1062,0.0612,0.099,0.0278,0.1758,0.0136,0.0404,0.056199998,34,0.34,26.62
28,156,IGV,0.3671,0.0178,1e-06,0.934,35,IGV,0.0001,0.3585204,0.0189192,0.13878120000000002,0.0014,0.9985,0.0,0.0,0.0,0.0635,0.0,0.0,0.0,0.0015,0.0,0.0023,0.0,0.9326,0.0,35,1.09,23.42
29,157,FAN,-0.2075,-0.09449999999999999,0.000208,0.9338,36,FAN,0.0198,-0.2088529,-0.0911202,0.050478403,0.0055,0.9945,0.0,0.0,0.0064999997,0.0,0.021300001000000002,0.0,0.0,0.0016,0.0,0.36020002,0.0,0.0,0.6104,36,0.61,22.21
30,158,EWQ,0.0644,0.0974,0.000268,0.9331999999999999,37,EWQ,0.026400002000000002,0.06001569999999999,0.0971784,0.0630872,0.0011,0.9989,0.0,0.0,0.060599997999999995,0.0275,0.195,0.1034,0.0836,0.103999995,0.111,0.24120001,0.0069,0.051,0.015800001,37,0.65,23.01
31,159,EFAX,0.0433,0.026600000000000002,0.028300000000000002,0.9319,38,EFAX,0.0292,0.034585500000000005,0.0273786,0.036690198,0.0023999998999999998,0.9969,0.0,0.0,0.0577,0.0462,0.1244,0.1073,0.0025,0.2057,0.1504,0.1591,0.0271,0.0937,0.025999999,38,0.38,17.9
32,160,VIGI,0.0345,0.023399999999999997,0.000225,0.9285,39,VIGI,0.0224,0.0268527,0.0221924,0.06435679999999999,0.0034,0.9959,0.0,0.0,0.089899994,0.023699999,0.0339,0.1443,0.050100002000000005,0.1417,0.2318,0.1415,0.0064,0.1311,0.0055,39,0.52,16.29
33,162,EFA,0.0513,0.0451,0.000229,0.9258,41,EFA,0.0229,0.042238597,0.043544102,0.040155699999999996,0.0056,0.9936,0.0,0.0,0.07400000000000001,0.0414,0.111499995,0.09720000599999999,0.048899997,0.1887,0.1359,0.16139999,0.0248,0.0851,0.0311,41,0.4,18.52
34,163,HEFA,0.1207,0.11869999999999999,0.002176,0.9258,42,HEFA,0.0186,0.107591696,0.11630810000000001,0.08480139999999999,0.006,0.9933,0.0,0.0,0.0738,0.0419,0.1086,0.0979,0.0497,0.1903,0.1371,0.1619,0.0249,0.0825,0.031600002,42,0.71,14.96
35,164,IDHQ,0.0733,0.018500000000000003,0.0255,0.9235,43,IDHQ,0.0257,0.0634437,0.018924200000000002,0.061584402,-0.003,0.9961,0.0,0.0056,0.1066,0.0347,0.1011,0.136,0.1554,0.0544,0.2028,0.115200005,0.0053,0.086,0.0026,43,0.52,18.07
36,165,RFEU,0.0382,0.0204,0.0005340000000000001,0.9201999999999999,44,RFEU,0.052600004000000006,0.0280123,0.0191582,0.0267815,0.0038,0.98370004,0.0,0.0125,0.0364,0.0645,0.131,0.1087,0.097600006,0.1364,0.1701,0.1314,0.009000000000000001,0.0654,0.0497,44,0.27,19.89
37,166,IMTM,0.026000000000000002,-0.0116,0.000248,0.9189,45,IMTM,0.025,0.018640900000000002,-0.0017678000000000001,0.047220804000000005,0.0052,0.99480003,0.0,0.0,0.0558,0.039100002,0.1603,0.0922,0.0287,0.18270001,0.1254,0.21090001,0.0069999998,0.072399996,0.0254,45,0.39,16.71
38,168,PHO,0.009399999999999999,0.0707,0.0073,0.9137000000000001,47,PHO,0.007099999599999999,0.0061397,0.07440880000000001,0.124408595,0.00090000004,0.9992,0.0,0.0,0.0793,0.0,0.0,0.0,0.0,0.0,0.1225,0.565,0.0,0.113299996,0.119899996,47,1.07,20.09
39,169,INTF,0.053099999999999994,0.046900000000000004,0.000275,0.9122,48,INTF,0.0274,0.0438391,0.045545503,0.0283872,0.008,0.985,0.0,0.0,0.0791,0.0585,0.115100004,0.09029999400000001,0.06,0.2061,0.1046,0.1497,0.0249,0.0829,0.028900001,48,0.29,18.79
40,170,HDMV,0.0008,0.0038,0.000335,0.9107,49,HDMV,0.033099998,-0.0030824999999999997,0.0035686999999999997,-0.0088727,0.0108,0.9892,0.0,0.0,0.03,0.12140000599999999,0.0712,0.18969999,0.0,0.1423,0.061300002,0.1868,0.0877,0.0217,0.0879,49,-0.01,14.47
41,171,DJD,-0.037599999999999995,0.0832,0.037599999999999995,0.9095,50,DJD,0.0378,-0.0421105,0.0864018,0.06430459999999999,-0.0007,1.0007,0.0,0.0,0.0645,0.0963,0.074499995,0.0884,0.0507,0.1445,0.23600000000000002,0.118999995,0.0,0.1261,0.0,50,0.64,18.13
42,172,ENZL,-0.105,-0.0933,0.000166,0.907,51,ENZL,0.016,-0.1089859,-0.08972619999999999,0.011396901000000001,0.0085,0.9915,0.0,0.0,0.0442,0.1259,0.0104,0.0452,0.0,0.0,0.3332,0.17639999,0.082399994,0.0,0.1823,51,0.24,21.18
43,173,IXN,0.31829999999999997,0.096,5.9e-05,0.9062,52,IXN,0.0061000003,0.31509899999999996,0.1019582,0.17726960000000003,0.0037,0.9963,0.0,0.0,0.0,0.0,0.0,0.0,0.0,0.0,0.0,0.0050999997,0.0,0.9949,0.0,52,1.44,23.11
44,174,CGW,-0.0215,0.0311,0.0144,0.9034,53,CGW,0.0145000005,-0.023380500000000002,0.0337,0.082658395,-0.0001,1.0001,0.0,0.0,0.055,0.0,0.0052,0.0,0.0031,0.0,0.0,0.5287,0.0,0.028299998,0.3797,53,0.78,19.68
45,176,PID,0.0036,0.11199999999999999,0.0363,0.8998999999999999,54,PID,0.0354,-0.0009509000000000001,0.1133769,0.0525558,0.0,1.0,0.0,0.0,0.09770001,0.1019,0.0442,0.0166,0.13229999,0.18030001,0.0794,0.0634,0.0041,0.0739,0.2062,54,0.59,20.41
46,177,QEFA,0.051399999999999994,0.045599999999999995,0.0281,0.899,56,QEFA,0.027999998999999998,0.042623900000000006,0.044449300000000004,0.045200802000000005,0.0027,0.9965,0.0,0.0,0.0799,0.0577,0.1029,0.1233,0.0358,0.16219999,0.159,0.1543,0.0165,0.0691,0.0396,56,0.42,16.18
47,178,EWG,0.057999999999999996,-0.0184,0.00029600000000000004,0.8985,57,EWG,0.0293,0.0577882,-0.015881299999999998,0.008820200000000002,0.0095,0.98190004,0.0,0.0,0.0763,0.0573,0.1557,0.026099999,0.0,0.1918,0.1043,0.1711,0.023,0.1532,0.041199997,57,0.24,24.08
48,179,HEWG,0.1002,0.0417,0.000337,0.8985,58,HEWG,0.033,0.092427105,0.0436594,0.050155702999999996,0.0099,0.9815,0.0,0.0,0.0763,0.0573,0.1557,0.026099999,0.0,0.1918,0.1043,0.1711,0.023,0.1532,0.041199997,58,0.54,20.45
49,180,EZA,-0.0883,0.0394,0.000343,0.898,59,EZA,0.0355,-0.09539349400000001,0.0371675,0.0006172,0.0041,0.9959,0.0,0.0,0.21600000000000003,0.2283,0.0588,0.038,0.0113,0.3691,0.0343,0.0212,0.0231,0.0,0.0,59,0.21,28.51
50,182,IGRO,0.0378,0.0451,0.000273,0.8961,60,IGRO,0.0273,0.0286139,0.0423983,0.0466439,0.0077,0.9917,0.0,0.0,0.0547,0.0255,0.0301,0.1263,0.0308,0.28,0.1619,0.1157,0.0168,0.0689,0.089499995,60,0.45,17.92
51,183,RFDI,0.053099999999999994,0.0187,0.000342,0.8946999999999999,61,RFDI,0.0336,0.043020602000000005,0.017194001,0.022475099999999998,0.0033000002,0.9886,0.0,0.0082,0.082600005,0.0762,0.1294,0.0758,0.08270001,0.1709,0.1046,0.1251,0.0535,0.0546,0.0446,61,0.24,19.19
52,184,XLK,0.3565,0.1243,0.0083,0.8942,62,XLK,0.0086,0.348721,0.1291244,0.2024265,0.0014,0.9986,0.0,0.0,0.0,0.0,0.0,0.0,0.0,0.0,0.0,0.0,0.0,1.0,0.0,62,1.62,23.12
53,186,USXF,0.1465,0.0742,0.000126,0.8906000000000001,64,USXF,0.0127,0.1338566,0.0763133,0.0,0.0017,0.9983,0.0,0.0,0.0325,0.0251,0.0771,0.0224,0.0,0.14899999,0.125,0.1031,0.0431,0.42130002,0.0014,64,0.0,0.0
54,187,IEFA,0.0433,0.0395,0.00025299999999999997,0.8868,65,IEFA,0.0252,0.0349646,0.0380801,0.038216602,0.0083,0.9903,0.0,0.0005,0.0747,0.0418,0.1157,0.0924,0.0466,0.17889999,0.1272,0.17040001,0.0348,0.087,0.030299998999999998,65,0.39,18.72
55,188,EWD,0.0062,-0.0038,5.9e-05,0.8867,66,EWD,0.006,-0.0009279,-0.0046204003,0.045174498,0.0344,0.96559995,0.0,0.0,0.0431,0.0194,0.0655,0.028499998,0.0,0.29659998,0.0174,0.4454,0.0146,0.0695,0.0,66,0.49,23.91
56,189,FSZ,0.048,0.0378,0.00026000000000000003,0.8854000000000001,67,FSZ,0.0253,0.041386900000000004,0.04240119999999999,0.0648774,0.0007,0.9993,0.0,0.0,0.0696,0.041300002,0.115,0.04,0.0,0.21149999,0.152,0.2458,0.0638,0.0177,0.0432,67,0.58,19.01
57,190,EWUS,-0.0434,-0.0287,0.000189,0.8839,68,EWUS,0.0178,-0.0556814,-0.031880200000000004,-0.031170102,0.0072000003,0.9636,0.0,0.0293,0.0313,0.0634,0.204,0.0695,0.03,0.1618,0.0583,0.2006,0.0919,0.0738,0.0154,68,0.03,26.14
58,192,IDEV,0.0397,0.042699999999999995,0.00024400000000000002,0.8832,70,IDEV,0.024400001,0.0313911,0.0416176,0.0414763,0.0077,0.9913,0.0,0.00029999999,0.0794,0.0395,0.109799996,0.0861,0.063200004,0.1924,0.1146,0.16540001,0.033299997000000005,0.0858,0.0305,70,0.42,18.84
59,193,EWC,0.0184,0.0761,0.000249,0.8814,71,EWC,0.025,0.014452700000000002,0.0782111,0.06227100000000001,0.0052,0.9949,0.0,0.0,0.1042,0.015800001,0.056199998,0.0353,0.1929,0.348,0.0,0.1296,0.006,0.0832,0.028900001,71,0.63,21.43
60,194,HEWC,0.039,0.0981,0.0008730000000000001,0.8814,72,HEWC,0.0254,0.0333819,0.10045810000000001,0.082565695,0.0056,0.9944,0.0,0.0,0.1042,0.015800001,0.056199998,0.0353,0.1929,0.348,0.0,0.1296,0.006,0.0832,0.028900001,72,0.72,16.12
61,195,EPP,-0.0638,0.0182,0.00038100000000000005,0.8786,73,EPP,0.0383,-0.07480629999999999,0.0158699,0.021683098999999997,0.01,0.9899,0.0,0.0,0.16229999,0.026500002,0.060700002999999995,0.0418,0.0456,0.38189998,0.0684,0.0771,0.095699996,0.014400001,0.0257,73,0.29,21.16
62,197,DSI,0.1479,0.0843,0.000128,0.8776,75,DSI,0.013099999,0.13652650000000002,0.08662710000000001,0.1153711,0.0028,0.9973,0.0,0.0,0.0248,0.0926,0.105900005,0.0723,0.0173,0.1182,0.1103,0.090500005,0.0293,0.32840002,0.0104,75,0.98,19.4
63,198,EFV,0.0771,0.09880000000000001,0.00037999999999999997,0.8774,76,EFV,0.0379,0.06744789999999999,0.0970471,0.031925,0.0083,0.9917,0.0,0.0,0.0928,0.0433,0.0915,0.0602,0.0919,0.2875,0.0916,0.1368,0.0361,0.0146,0.0539,76,0.38,19.8
64,199,PICB,-0.0127,-0.0863,0.023,0.8772,77,PICB,0.0217,-0.011720900000000001,-0.0881334,-0.027425,0.0027,0.0,0.9889,0.0,0.0,0.0,0.0,0.0,0.0,1.0,0.0,0.0,0.0,0.0,0.0,77,-0.17,11.78
65,201,IHF,-0.0425,0.06709999999999999,8.9e-05,0.8726,78,IHF,0.0093,-0.048727497,0.0693605,0.0703025,0.001,0.9990000000000001,0.0,0.0,0.0,0.0,0.0,0.0016,0.0,0.0031,0.9952,0.0,0.0,0.0,0.0,78,0.63,20.04
66,202,PXF,0.0678,0.0998,0.0342,0.8711,79,PXF,0.034,0.05583740400000001,0.0970505,0.044320599999999995,-0.0017,1.0001999,0.0,0.0013,0.089499995,0.0469,0.1028,0.0713,0.09689999,0.2551,0.0688,0.1397,0.0229,0.064,0.0421,79,0.47,20.14
67,203,SDG,-0.0694,-0.0231,0.00018800000000000002,0.8708,80,SDG,0.0184,-0.0804165,-0.022587199,0.07290369999999999,0.0061000003,0.9939,0.0,0.0,0.0704,0.012,0.0655,0.2035,0.0,0.0,0.2027,0.1826,0.174,0.0538,0.0356,80,0.68,17.99
68,204,SPDW,0.0433,0.037599999999999995,0.0288,0.8708,81,SPDW,0.0298,0.034397699999999996,0.03592290000000001,0.038349699999999994,0.0086,0.987,0.0025,0.0015,0.079,0.0438,0.114300005,0.0865,0.058000002,0.18059999,0.113199994,0.165,0.028399998,0.1018,0.0295,81,0.4,18.44
69,205,RSPT,0.16,0.0872,0.0373,0.8698999999999999,82,RSPT,0.0066000004,0.14389870000000002,0.08648521,0.1356476,-0.00029999999,1.0002999,0.0,0.0,0.0,0.0,0.0,0.0,0.0,0.0,0.0,0.0,0.0,1.0,0.0,82,1.16,23.23
70,207,EWK,-0.044500000000000005,0.0255,0.000195,0.8671,84,EWK,0.019199999,-0.053815699999999994,0.0245183,0.0075604,0.0111,0.9889,0.0,0.0,0.0517,0.0145000005,0.0252,0.2733,0.0187,0.1915,0.20629999,0.08109999400000001,0.09729999,0.020599999,0.0198,84,0.23,21.1
71,208,RDIV,-0.1315,0.1362,0.046799999999999994,0.8647,85,RDIV,0.0468,-0.1442154,0.1346872,0.0339449,0.0,1.0,0.0,0.0,0.1355,0.0424,0.1321,0.0952,0.0016,0.26860002,0.033099998,0.0508,0.056399997,0.0757,0.1086,85,0.58,25.9
72,209,IDMO,0.0662,0.0567,0.0319,0.8642,86,IDMO,0.0318,0.05674019999999999,0.056188002,0.0804367,-0.0014,0.9946,0.0,0.0068,0.0788,0.0086,0.1262,0.020499998999999998,0.0091,0.3318,0.0531,0.2364,0.0,0.1042,0.0313,86,0.66,16.59
73,210,TDIV,0.1905,0.0953,0.00019199999999999998,0.8614,87,TDIV,0.019299998999999998,0.17627720000000002,0.09513630000000001,0.115580596,0.0041,0.9959,0.0,0.0,0.0,0.1441,0.0,0.0,0.0,0.0018000001,0.0,0.0028,0.0,0.8514,0.0,87,0.99,20.27
74,211,EFAV,0.0321,0.0023,0.000278,0.8601000000000001,88,EFAV,0.0277,0.032393,0.0023767,0.0135322,0.0064,0.9921,0.0015,0.0,0.0309,0.089899994,0.070199996,0.15020001,0.0186,0.1573,0.1919,0.1601,0.0163,0.0341,0.0805,88,0.12,13.48
75,212,VEA,0.042699999999999995,0.0415,0.000319,0.8590000000000001,89,VEA,0.0319,0.0343732,0.0401651,0.040192097,0.02,0.9784,0.0,0.0016,0.0779,0.0397,0.1087,0.0808,0.0589,0.1903,0.1109,0.16899999999999998,0.0332,0.1014,0.0291,89,0.41,19.03
76,213,FTXG,-0.14859999999999998,0.0241,0.000442,0.8567,90,FTXG,0.0416,-0.1519049,0.0260079,0.042369699999999996,0.032899998,0.96709996,0.0,0.0,0.0,0.0,0.0,1.0,0.0,0.0,0.0,0.0,0.0,0.0,0.0,90,0.59,15.46
77,214,NXTG,0.1108,0.047599999999999996,0.000165,0.8552,91,NXTG,0.0162,0.1013692,0.046764396,0.0942123,0.0058999998,0.9940000000000001,0.0,0.0,0.0,0.2624,0.0,0.0,0.0,0.0,0.0,0.023699999,0.0779,0.6361,0.0,91,0.8,18.62
78,215,EAOA,0.0639,0.030299999999999997,0.000215,0.8525,92,EAOA,0.0207,0.0554673,0.031089101,0.0,0.012999999,0.8042,0.1826,0.0,0.039,0.0716,0.109799996,0.07110000400000001,0.0504,0.14400000000000002,0.122600004,0.1094,0.0269,0.2322,0.0229,92,0.0,0.0
79,216,FIW,0.0172,0.0764,7.2e-05,0.8499,93,FIW,0.0073,0.0150101,0.0808192,0.120310895,0.0023,0.9977,0.0,0.0,0.0396,0.0,0.0,0.012200001,0.0,0.0,0.1587,0.5221,0.0,0.0809,0.1865,93,1.05,20.81
80,217,RSPS,-0.13470000000000001,0.0181,0.08349999999999999,0.8454999999999999,94,RSPS,0.0271,-0.1356172,0.022332001,0.0485691,-0.0017,1.0016999,0.0,0.0,0.0,0.0,0.0,0.97370005,0.0,0.0,0.026300002000000003,0.0,0.0,0.0,0.0,94,0.55,15.02
81,218,ISZE,0.0161,0.0147,0.000313,0.8423,95,ISZE,0.031,0.009217200000000002,0.014683799999999999,0.019643199,0.0073,0.9919,0.0,0.0,0.0943,0.0502,0.1089,0.0752,0.041500002,0.1702,0.068,0.2009,0.0701,0.0746,0.0461,95,0.27,18.92
82,219,ECLN,-0.0984,0.0311,0.00027000000000000006,0.8422,96,ECLN,0.025999999,-0.1046408,0.032283,0.0,0.114300005,0.8857,0.0,0.0,0.0,0.0,0.0,0.0,0.24790001,0.0,0.0,0.024300002,0.0255,0.0092,0.6931,96,0.0,0.0
83,220,EWJ,0.0902,0.0147,9.3e-05,0.8375,97,EWJ,0.0092,0.0825337,0.0119862,0.022742099999999998,0.0093,0.9907,0.0,0.0,0.046,0.07,0.162,0.0573,0.009000000000000001,0.1274,0.0875,0.2367,0.031400002999999996,0.1608,0.0117999995,97,0.24,16.27
84,221,HEWJ,0.29460000000000003,0.1643,0.003604,0.8373999999999999,98,HEWJ,0.0058999998,0.285081,0.162638,0.1034375,0.010199999,0.98980004,0.0,0.0,0.046,0.07,0.162,0.0573,0.009000000000000001,0.1274,0.0875,0.2367,0.031400002999999996,0.1608,0.0117999995,98,0.85,15.82
85,222,JXI,-0.0926,-0.0032,0.000366,0.8331000000000001,99,JXI,0.0368,-0.0987117,-0.0021418,0.043951,0.0017,0.9983,0.0,0.0,0.0,0.0,0.0,0.0,0.0072000003,0.0,0.0,0.012999999,0.0,0.0,0.97980005,99,0.51,15.99
86,223,EDOW,0.021099999999999997,0.0684,0.000196,0.8321999999999999,100,EDOW,0.0199,0.0153528,0.07156449599999999,0.06665349999999999,0.0054,0.9946,0.0,0.0,0.0327,0.0675,0.0963,0.1003,0.0352,0.1713,0.1721,0.1301,0.0,0.19440001,0.0,100,0.64,18.27
87,224,DWX,0.0416,0.0291,0.0421,0.8314,101,DWX,0.042,0.036356900000000004,0.028179000000000003,0.023507499999999997,0.002,0.9861,0.0,0.0,0.0475,0.12550001,0.0328,0.1105,0.030299998999999998,0.1254,0.066199996,0.0704,0.1396,0.04,0.2117,101,0.24,15.65
88,225,LEGR,0.09140000000000001,0.0642,0.000265,0.8275,102,LEGR,0.026099999,0.0811095,0.06304069999999999,0.0740813,0.008,0.992,0.0,0.0,0.0167,0.0986,0.0785,0.0162,0.0085,0.39990002,0.0128,0.052800003,0.0,0.2865,0.0296,102,0.67,19.86
89,226,IPKW,0.06480000000000001,0.0654,0.0265,0.8255,103,IPKW,0.026199998,0.051957897999999995,0.0628809,0.055124503,-0.0017,1.0012001,0.0,0.0004,0.08180001,0.096099995,0.0575,0.0154,0.2759,0.29950002,0.0553,0.0845,0.0064,0.0273,0.00029999999,103,0.54,20.84
90,227,DIA,0.0313,0.0755,0.0197,0.8243,104,DIA,0.02,0.023698201000000002,0.0778943,0.0775415,0.0031,0.9969,0.0,0.0,0.0101,0.0223,0.1301,0.0712,0.0332,0.1989,0.20729999,0.1462,0.0,0.1808,0.0,104,0.71,18.6
91,228,EWJV,0.1515,0.0898,0.000236,0.8198000000000001,105,EWJV,0.023,0.14571889999999998,0.08843619999999999,0.0,0.012200001,0.9878,0.0,0.0,0.0414,0.045,0.2175,0.036000000000000004,0.0166,0.22709998,0.0353,0.2726,0.0533,0.0356,0.0198,105,0.0,0.0
92,229,FEP,0.023700000000000002,0.0124,0.000308,0.8195999999999999,106,FEP,0.0297,0.0111149,0.0116757,0.011436799999999999,0.0023999998999999998,0.9854,0.0,0.0105,0.15609999,0.0427,0.17790002,0.038900002999999996,0.095,0.0954,0.0175,0.2619,0.0211,0.045700002,0.048,106,0.24,23.49
93,230,ESGU,0.1277,0.0748,0.000161,0.8186,107,ESGU,0.0162,0.11690170000000001,0.076837,0.1074978,0.004,0.996,0.0,0.0,0.0235,0.0805,0.1034,0.068,0.0476,0.1088,0.13239999,0.0896,0.025899999,0.2994,0.021,107,0.93,19.39
94,231,ROBT,0.08779999999999999,-0.0178,3.4e-05,0.8112999999999999,108,ROBT,0.0032,0.0766289,-0.0196946,0.062412802,0.0007,0.9993,0.0,0.0,0.0,0.0279,0.1007,0.0117999995,0.0,0.015700001,0.0435,0.2133,0.0,0.5872,0.0,108,0.67,25.59
95,232,EAOR,0.04,0.0078000000000000005,0.000238,0.8104,109,EAOR,0.023,0.0328356,0.008232600000000001,0.0,0.0202,0.6103,0.3694,0.0,0.039,0.0716,0.1089,0.0715,0.050300002,0.1442,0.123100005,0.109799996,0.027000000000000003,0.2317,0.023,109,0.0,0.0
96,233,QTEC,0.4029,0.060899999999999996,2e-05,0.81,110,QTEC,0.002,0.3841425,0.059791397,0.15339470000000002,0.0008,0.9992,0.0,0.0,0.0,0.0546,0.026800001,0.0,0.0,0.0,0.0,0.0,0.0,0.9186,0.0,110,1.31,25.1
97,234,JPXN,0.0796,0.011000000000000001,0.00011000000000000002,0.8081,111,JPXN,0.0109,0.072265804,0.009229001,0.0209182,0.0101,0.9899,0.0,0.0,0.0541,0.0848,0.1201,0.0729,0.0117999995,0.1193,0.1017,0.2493,0.0257,0.1472,0.012999999,111,0.24,16.34
98,235,VGT,0.3233,0.0971,7.5e-05,0.8067,112,VGT,0.0077,0.31382150000000003,0.100132704,0.18510269,0.0057,0.9942,0.0,0.0,0.0002,0.0019,0.0,0.0,0.0,0.001,0.0001,0.0033000002,0.0,0.9935,0.0,112,1.51,23.34
99,236,EWS,-0.0197,0.0192,0.000485,0.8059000000000001,113,EWS,0.048299998,-0.0286889,0.0165467,-0.0061799004000000005,0.003,0.997,0.0,0.0,0.0,0.045300003,0.073,0.0307,0.0,0.4892,0.0,0.16309999,0.16129999,0.0374,0.0,113,0.06,20.3
100,237,POWA,-0.0088,0.061399999999999996,0.0146,0.8009000000000001,114,POWA,0.015,-0.0186011,0.06385539999999999,0.0784912,-0.0001,1.0001,0.0,0.0,0.0,0.0,0.157,0.1319,0.0,0.0,0.2289,0.3418,0.0,0.14039999,0.0,114,0.69,17.11
101,238,EXI,0.053899999999999997,0.063,0.000183,0.7989,115,EXI,0.0184,0.0437079,0.062575996,0.066154696,0.0052,0.99480003,0.0,0.0,0.0064999997,0.0,0.0032,0.0022,0.0011,0.0017,0.0,0.97019994,0.0,0.015099999499999999,0.0,115,0.65,21.69
102,239,PIZ,0.0342,-0.0265,0.0181,0.7975,116,PIZ,0.0176,0.028733099999999998,-0.028191900000000002,0.0363251,-0.0069,0.9937,0.0,0.013200001000000001,0.048299998,0.0257,0.07719999599999999,0.08229999,0.0091,0.1514,0.0382,0.3823,0.0056,0.1547,0.0253,116,0.38,20.77
103,240,CWI,0.036699999999999997,0.0281,0.0305,0.7967,117,CWI,0.0305,0.0294019,0.0269117,0.037932099999999996,0.0061000003,0.9937,0.0,0.0,0.077,0.0581,0.1159,0.0825,0.0634,0.2028,0.10099999999999999,0.1305,0.0174,0.1225,0.028900001,117,0.37,17.56
104,241,ESGE,0.0037,-0.0467,0.00025299999999999997,0.7913,118,ESGE,0.0249,-0.0015157,-0.047103,0.0144924,0.0034,0.99660003,0.0,0.0,0.0558,0.12140000599999999,0.1306,0.054899998,0.045900002,0.2551,0.0434,0.057600003,0.0145000005,0.2054,0.0154,118,0.19,19.8
105,242,ICLN,-0.29309999999999997,-0.11789999999999999,0.000115,0.7884,119,ICLN,0.011000000000000001,-0.3046745,-0.120420106,0.11729479599999999,0.0038,0.9962,0.0,0.0,0.0322,0.0,0.0,0.0,0.0,0.0,0.0,0.1407,0.0,0.3166,0.5105,119,1.4,31.73
106,243,IYK,-0.07769999999999999,0.07919999999999999,0.000281,0.7881,120,IYK,0.0275,-0.08228350000000001,0.0821735,0.12016960000000002,0.0037,0.9963,0.0,0.0,0.0183,0.0,0.0058999998,0.8792,0.0,0.0,0.096099995,0.0005,0.0,0.0,0.0,120,1.06,17.6
107,244,SPGP,0.1242,0.1471,0.0115,0.7874,121,SPGP,0.0117,0.10929499599999999,0.14784049999999999,0.1405908,0.0,1.0,0.0,0.0,0.1407,0.0134000005,0.0725,0.0326,0.2709,0.0335,0.113199994,0.1075,0.0248,0.1909,0.0,121,1.16,22.09
108,246,IDV,-0.026699999999999998,0.0603,0.000714,0.7848999999999999,123,IDV,0.0715,-0.0308637,0.060868200000000004,0.018928599999999997,0.013300001,0.9867,0.0,0.0,0.1582,0.0444,0.069299996,0.0335,0.078600004,0.27040002,0.0,0.1694,0.0315,0.0036000002,0.141,123,0.31,21.12
109,247,FTXL,0.26890000000000003,0.09949999999999999,7.6e-05,0.7843000000000001,124,FTXL,0.0076,0.24659571,0.0964168,0.20105179999999997,0.0027,0.9974,0.0,0.0,0.0,0.0,0.0,0.0,0.0,0.0,0.0,0.0050999997,0.0,0.9949,0.0,124,1.76,29.54
110,249,GII,-0.0689,0.0447,0.034,0.7765000000000001,126,GII,0.0336,-0.0721746,0.0444048,0.030838599999999997,0.0041,0.9959,0.0,0.0,0.0,0.0,0.0,0.0,0.2044,0.0,0.0,0.4083,0.0,0.0,0.38729998,126,0.43,18.79
111,250,IGF,-0.0647,0.0451,0.00028199999999999997,0.7764,127,IGF,0.0275,-0.0700327,0.044010099999999996,0.0304846,0.005,0.995,0.0,0.0,0.0,0.0,0.0,0.0,0.20459999,0.0,0.0,0.4078,0.0,0.0,0.38759997,127,0.43,19.0
112,251,CUT,-0.0271,0.0184,0.0259,0.7748999999999999,128,CUT,0.025799999,-0.043030599999999995,0.0154131,0.0287098,-0.0025,1.0023999,0.0,0.0,0.4161,0.0002,0.4752,0.0018000001,0.0008,0.0011999999,0.0004,0.0199,0.0832,0.001,0.00029999999,128,0.31,22.31
113,252,IVLU,0.0956,0.11699999999999999,0.00037000000000000005,0.7718,129,IVLU,0.0367,0.0857568,0.11416411,0.0351698,0.0092,0.9908,0.0,0.0,0.078,0.0375,0.1183,0.0874,0.0625,0.2078,0.1182,0.171,0.02,0.066,0.033299997000000005,129,0.42,19.64
114,255,XLP,-0.0703,0.035699999999999996,0.0279,0.7681999999999999,132,XLP,0.0275,-0.0771505,0.0375865,0.07123339999999999,0.001,0.9990000000000001,0.0,0.0,0.0,0.0,0.0,0.9922,0.0,0.0,0.0078,0.0,0.0,0.0,0.0,132,0.72,14.84
115,257,IDLV,-0.0118,0.002,0.038,0.7645000000000001,134,IDLV,0.0376,-0.0117586,0.0030750998,0.001145,-0.0033000002,1.0032,0.0,0.0,0.0373,0.089700006,0.08229999,0.18280001,0.0099,0.184,0.039300002,0.17639999,0.111899994,0.0179,0.0684,134,0.05,13.9
116,258,FEUZ,0.0286,0.0187,0.000293,0.7637999999999999,135,FEUZ,0.028099999,0.0151349995,0.0146572,0.0093325,0.0029,0.9928,0.0,0.0,0.1361,0.044000000000000004,0.1557,0.031400002999999996,0.0938,0.1369,0.0274,0.2541,0.0091,0.0621,0.0495,135,0.23,22.91
117,259,IXJ,-0.0195,0.0571,0.00013000000000000002,0.7631999999999999,136,IXJ,0.013200001000000001,-0.032044302999999996,0.0571648,0.0757162,0.0038,0.9962,0.0,0.0,0.0,0.0,0.0,0.0,0.0,0.0,1.0,0.0,0.0,0.0,0.0,136,0.66,15.2
118,260,ACWX,0.034,0.020499999999999997,0.00025499999999999996,0.7619,137,ACWX,0.0251,0.026321102000000002,0.0195393,0.0327798,0.0056,0.9939,0.0,0.0,0.0784,0.0561,0.112799995,0.082100004,0.060900003,0.2101,0.098500006,0.1322,0.021300001000000002,0.1182,0.0293,137,0.33,18.18
119,261,HAWX,0.0882,0.07400000000000001,0.00154,0.7617,138,HAWX,0.020599999,0.07858430000000001,0.073898405,0.0685316,0.0045,0.995,0.0,0.0,0.078200005,0.056399997,0.1107,0.0825,0.0618,0.21129999,0.0991,0.13229999,0.021300001000000002,0.1169,0.0295,138,0.57,14.21
120,262,RSPG,0.125,0.5670000000000001,0.0286,0.7581,139,RSPG,0.0297,0.12309919999999999,0.5775678000000001,0.0986324,-0.00029999999,1.0002999,0.0,0.0,0.0,0.0,0.0,0.0,1.0,0.0,0.0,0.0,0.0,0.0,0.0,139,1.46,44.86
121,263,SPHQ,0.1641,0.1002,0.0158,0.7541,140,SPHQ,0.0162,0.1548714,0.10315830000000001,0.120809495,0.0,1.0,0.0,0.0,0.026800001,0.051799998,0.0344,0.0573,0.1287,0.1016,0.1842,0.099300005,0.0058,0.3101,0.0,140,0.98,18.13
122,264,EAOM,0.0165,-0.0146,0.000261,0.7519,141,EAOM,0.024,0.0103079,-0.0146238,0.0,0.0278,0.4116,0.5604,0.0,0.039,0.0716,0.1089,0.0715,0.050300002,0.1442,0.123100005,0.109799996,0.0269,0.2317,0.023,141,0.0,0.0
123,265,VSGX,0.026699999999999998,0.0040999999999999995,0.00028,0.7513,142,VSGX,0.0275,0.0197186,0.0030475000000000003,0.0314015,0.0182,0.98050004,0.0,0.0013,0.0621,0.0557,0.12390000400000001,0.0766,0.00090000004,0.2466,0.1248,0.113299996,0.0392,0.14819999,0.0086,142,0.33,17.96
124,266,IPAC,0.0278,0.0147,0.000236,0.7509999999999999,143,IPAC,0.0235,0.0205318,0.013341,0.0252421,0.0095999995,0.9904,0.0,0.0,0.08979999,0.051799998,0.13520001,0.0558,0.021300001000000002,0.1881,0.078200005,0.1893,0.0635,0.1086,0.0183,143,0.27,16.85
125,267,EWI,0.1426,0.1038,0.00037699999999999995,0.7434000000000001,144,EWI,0.0379,0.130642,0.102105595,0.0663523,0.0026,0.9974,0.0,0.0,0.0,0.0188,0.2056,0.026099999,0.0784,0.2859,0.0573,0.10560001,0.0207,0.0183,0.1834,144,0.7,25.68
126,268,QWLD,0.0949,0.0789,0.0187,0.7429000000000001,145,QWLD,0.0189,0.0855404,0.0804269,0.08356519999999999,0.0027,0.997,0.0,0.0,0.038599997999999996,0.096099995,0.0688,0.089499995,0.038,0.14649999,0.1666,0.1153,0.0111,0.1943,0.0352,145,0.71,16.35
127,269,IEUS,-0.029500000000000002,-0.0121,0.000291,0.7414000000000001,146,IEUS,0.0278,-0.0344962,-0.011111200000000002,0.011866799999999999,0.0143,0.97449994,0.0,0.0088,0.0505,0.0505,0.1252,0.052800003,0.041100002999999996,0.14840001,0.0806,0.2498,0.0787,0.0986,0.0238,146,0.29,24.47
128,270,GNR,-0.0048,0.17579999999999998,0.0401,0.7409,147,GNR,0.0404,-0.0143496,0.17522119,0.069217704,0.0105,0.9895,0.0,0.0,0.4993,0.0,0.0774,0.0543,0.3566,0.0,0.0,0.0,0.0124,0.0,0.0,147,0.71,23.68
129,271,VEU,0.0369,0.0263,0.00031600000000000004,0.7387,148,VEU,0.031600002,0.029436901,0.025007501,0.0378492,0.0,0.9988,0.0,0.0011,0.0777,0.0557,0.115200005,0.0802,0.0533,0.20729999,0.09729999,0.14050001,0.0257,0.1169,0.030199998999999998,148,0.38,18.11
130,272,VYMI,0.06280000000000001,0.09720000000000001,0.00046600000000000005,0.7373999999999999,149,VYMI,0.0461,0.0539179,0.0952771,0.047024300000000005,0.017,0.98080003,0.0,0.0022,0.0884,0.049099997,0.085,0.050300002,0.1109,0.354,0.067600004,0.0952,0.0167,0.032899998,0.0498,149,0.48,18.72
131,273,FXG,-0.059800000000000006,0.068,0.00019099999999999998,0.7369,150,FXG,0.0186,-0.0654187,0.0705127,0.059684202,0.0034999999,0.9965,0.0,0.0,0.023,0.0,0.0484,0.8171,0.0,0.0,0.111499995,0.0,0.0,0.0,0.0,150,0.66,15.91
132,275,FVD,-0.0501,0.0653,0.000247,0.7308,152,FVD,0.0249,-0.059543399999999996,0.06590189999999999,0.058866999999999996,0.0052,0.9947,0.0,0.0,0.0431,0.018099999,0.0734,0.1458,0.0,0.1163,0.0916,0.1916,0.0184,0.0855,0.21620001,152,0.58,16.31
133,276,MXI,-0.004,0.0605,0.000371,0.7304999999999999,153,MXI,0.0374,-0.0130851,0.061470598,0.07688660000000001,0.007099999599999999,0.9929,0.0,0.0,0.937,0.0,0.0531,0.0077,0.0,0.0,0.0,0.0021,0.0,0.0,0.0,153,0.73,22.6
134,278,ERTH,-0.1315,-0.086,0.0111,0.725,155,ERTH,0.0107,-0.1512759,-0.0913333,0.0415296,0.0001,1.0,0.0,0.0,0.0378,0.0004,0.2148,0.03,0.0014,0.0034999999,0.0007,0.2795,0.2074,0.14770001,0.076799996,155,0.61,25.7
135,279,IETC,0.3393,0.0784,9.599999999999999e-05,0.7232999999999999,156,IETC,0.0087,0.3322786,0.083342105,0.1668836,0.0049,0.9951,0.0,0.0,0.0,0.0698,0.0674,0.0004,0.0017,0.0559,0.0046,0.0493,0.012999999,0.7379,0.0,156,1.35,22.55
136,280,FXN,0.0969,0.4855,0.000292,0.7226,157,FXN,0.0306,0.09207169999999999,0.4901492,0.051943595999999995,0.0041,0.9959,0.0,0.0,0.0,0.0,0.0042,0.0,0.97,0.0,0.0,0.0054,0.0,0.0115,0.0089,157,1.22,49.45
137,282,RBLD,0.0458,0.0662,0.000128,0.7173999999999999,159,RBLD,0.0128,0.03585580000000001,0.0649861,0.0105816,0.0033000002,0.9967,0.0,0.0,0.059499998,0.0089,0.0,0.0,0.08930001,0.0,0.0,0.428,0.0465,0.0828,0.2851,159,0.16,20.8
138,283,KNCT,0.09880000000000001,0.0278,0.0066,0.7153,160,KNCT,0.0068,0.093034804,0.028357599999999997,0.0921077,0.0011999999,0.9988,0.0,0.0,0.0,0.2233,0.0,0.0,0.0,0.0,0.0,0.0047,0.0664,0.7055,0.0,160,0.75,22.72
139,284,EAOK,0.004699999999999999,-0.026000000000000002,0.000276,0.7145999999999999,161,EAOK,0.026700001,-0.0009236000000000001,-0.026178898,0.0,0.0318,0.3105,0.65769994,0.0,0.039,0.0716,0.1089,0.0715,0.050300002,0.1442,0.123100005,0.109799996,0.0269,0.2317,0.023,161,0.0,0.0
140,285,FPXE,0.0302,-0.065,0.00014800000000000002,0.7145999999999999,162,FPXE,0.0145000005,0.0092403,-0.0688193,0.0315468,0.0031,0.9522,0.0,0.0011,0.0197,0.16389999,0.1058,0.0125,0.0712,0.0698,0.254,0.2275,0.0,0.057800002,0.0178,162,0.0,0.0
141,286,XLV,-0.0326,0.0801,0.016200000000000003,0.7145,163,XLV,0.0165,-0.0421084,0.0823143,0.089137495,0.00090000004,0.9991,0.0,0.0,0.0,0.0,0.0,0.0,0.0,0.0,1.0,0.0,0.0,0.0,0.0,163,0.75,15.9
142,287,XT,0.0862,0.0103,5.7e-05,0.7140000000000001,164,XT,0.0056,0.0705995,0.0086604,0.07977510000000002,0.0032,0.9968,0.0,0.0,0.0298,0.0394,0.0545,0.0042,0.0,0.0416,0.17549999,0.0639,0.0242,0.5451,0.0218,164,0.76,20.69
143,288,RSPM,-0.0335,0.08710000000000001,0.0708,0.7127,165,RSPM,0.023,-0.042443800000000004,0.0875784,0.10688610400000001,-0.00029999999,1.0001999,0.0,0.0,0.7519,0.0,0.2481,0.0,0.0,0.0,0.0,0.0,0.0,0.0,0.0,165,1.0,23.9
144,289,ICSH,0.04019999999999999,0.0173,0.000426,0.7119,166,ICSH,0.0405,0.0408392,0.0174437,0.020867300000000002,0.6235,0.0,0.3765,0.0,0.0,0.0,0.0,0.0,0.0,0.0,0.0,0.0,0.0,0.0,1.0,166,0.17,0.85
145,290,SKYY,0.3177,-0.0298,0.0,0.7108,167,SKYY,0.0,0.3108835,-0.0284065,0.08372071,0.0008,0.9992,0.0,0.0,0.0,0.0688,0.0363,0.0,0.0,0.0,0.0064,0.0,0.0,0.88839996,0.0,167,0.78,24.7
146,291,QUAL,0.19010000000000002,0.0925,0.000128,0.7094,168,QUAL,0.013200001000000001,0.17809759,0.0946725,0.11127709999999999,0.0023,0.9977,0.0,0.0,0.0215,0.0933,0.091000006,0.062800005,0.0468,0.12020001,0.1342,0.0884,0.0226,0.29600000000000004,0.0232,168,0.92,19.73
147,292,PUI,-0.1013,0.0086,0.0236,0.7088,169,PUI,0.024,-0.1092134,0.008206801,0.0252113,0.0034999999,0.9965,0.0,0.0,0.0,0.0,0.0,0.0,0.0637,0.0,0.0,0.0,0.0,0.0,0.9363,169,0.36,16.93
148,293,FXU,-0.1131,0.0305,0.000281,0.7081000000000001,170,FXU,0.0287,-0.1232337,0.0291351,0.028746199,0.0094,0.9906,0.0,0.0,0.0,0.0,0.0,0.0,0.047199998,0.0,0.0,0.045100003,0.0,0.0256,0.8821,170,0.4,16.62
149,295,SIMS,-0.0533,-0.0285,0.0151,0.7073999999999999,172,SIMS,0.015700001,-0.0632597,-0.027197700000000002,0.028726399,0.0014,0.9986,0.0,0.0,0.0,0.0728,0.0375,0.0,0.0645,0.0,0.0,0.4764,0.0,0.322,0.026800001,172,0.46,27.14
150,296,VEGI,-0.11720000000000001,0.0922,0.000211,0.7070000000000001,173,VEGI,0.0211,-0.12119749999999999,0.093551904,0.071950205,0.0034999999,0.99660003,0.0,0.0,0.32549998,0.0,0.0,0.3491,0.0,0.0,0.0007,0.3247,0.0,0.0,0.0,173,0.75,21.15
151,297,IYJ,0.0449,0.053,0.000106,0.7003,174,IYJ,0.0108,0.034116197,0.054197800000000004,0.0771109,0.0015,0.9985,0.0,0.0,0.0403,0.0,0.021,0.0,0.0,0.1826,0.0097,0.6388,0.0,0.107700005,0.0,174,0.74,22.58
152,298,XNTK,0.41979999999999995,0.039599999999999996,0.0044,0.7001999999999999,175,XNTK,0.0046,0.41088679999999994,0.041462900000000004,0.16595909,0.0007,0.9993,0.0,0.0,0.0,0.1112,0.17899999,0.0,0.0,0.0,0.0,0.0,0.0,0.70989996,0.0,175,1.4,26.34
153,300,VXUS,0.0347,0.0252,0.00031600000000000004,0.6945,177,VXUS,0.0311,0.027788998999999998,0.0245269,0.036843400000000005,0.0291,0.96949995,0.0,0.0011999999,0.08,0.0531,0.1154,0.0763,0.0585,0.19620001,0.094,0.1461,0.0319,0.1184,0.030199998999999998,177,0.37,18.31
154,301,DIVB,0.0167,0.1035,0.000317,0.6944,178,DIVB,0.031600002,0.007792399999999999,0.1063525,0.09483539,0.005,0.995,0.0,0.0,0.0291,0.0462,0.066199996,0.0876,0.09720000599999999,0.17379999,0.1114,0.0967,0.033099998,0.2292,0.0295,178,0.87,19.63
155,302,IXUS,0.032799999999999996,0.0227,0.00025,0.6936,179,IXUS,0.024600001,0.0257762,0.0218771,0.0348484,0.0066000004,0.9929,0.0,0.0001,0.0817,0.0543,0.115200005,0.0792,0.0584,0.19520001,0.095699996,0.1423,0.030299998999999998,0.1184,0.0294,179,0.36,18.37
156,303,FXR,0.09609999999999999,0.09390000000000001,7.7e-05,0.6936,180,FXR,0.0077,0.08171460000000001,0.0937607,0.0878821,0.002,0.998,0.0,0.0,0.052800003,0.0,0.0907,0.0,0.0,0.056999996,0.0028,0.70989996,0.0,0.0867,0.0,180,0.85,25.0
157,304,RSPH,-0.0642,0.0385,0.0382,0.6931,181,RSPH,0.0069999998,-0.068948,0.042476803,0.0716038,-0.00029999999,1.0002999,0.0,0.0,0.0,0.0,0.0,0.0,0.0,0.0,1.0,0.0,0.0,0.0,0.0,181,0.67,18.48
158,305,RSPN,0.0654,0.10830000000000001,0.0336,0.6929000000000001,182,RSPN,0.0113,0.0560276,0.11002490000000001,0.11391960000000001,-0.0004,1.0004001,0.0,0.0,0.0,0.0,0.0143,0.0,0.0,0.0,0.0,0.92080003,0.0,0.064899996,0.0,182,1.03,23.5
159,306,DGT,0.0892,0.11710000000000001,0.0255,0.6923,183,DGT,0.0255,0.08264500000000001,0.11800810000000002,0.08439830000000001,0.003,0.997,0.0,0.0,0.0617,0.0738,0.0999,0.0736,0.0749,0.19319999,0.1153,0.1375,0.0064999997,0.1312,0.0324,183,0.77,19.1
160,307,IGPT,0.0801,-0.0694,0.0151,0.6922,184,IGPT,0.0052,0.0695604,-0.0690749,0.065861605,0.0,1.0,0.0,0.0,0.0,0.2,0.0005,0.0,0.0,0.0,0.0431,0.0286,0.0432,0.6845,0.0,184,0.55,23.56
161,308,RPG,0.026000000000000002,0.0178,0.0436,0.6909000000000001,185,RPG,0.0143,0.0147394,0.018472799999999998,0.07597639999999999,0.0002,0.9998,0.0,0.0,0.107200004,0.0,0.057800002,0.037100002,0.2959,0.0587,0.1983,0.0713,0.0,0.15560001,0.018099999,185,0.65,22.88
162,309,VLUE,0.006500000000000001,0.07919999999999999,0.000304,0.6904,186,VLUE,0.0304,-0.0026680999999999996,0.0794435,0.0415085,0.0026,0.9974,0.0,0.0,0.0232,0.078200005,0.10569999,0.0557,0.050100002000000005,0.1121,0.1373,0.0881,0.0249,0.3023,0.0224,186,0.49,21.96
163,310,IEO,0.1264,0.6046,0.000293,0.6901999999999999,187,IEO,0.0304,0.12331279999999999,0.6179406,0.11182479599999999,0.0022,0.9978,0.0,0.0,0.0021,0.0,0.0,0.0,0.9979,0.0,0.0,0.0,0.0,0.0,0.0,187,1.57,46.32
164,311,XHB,0.2182,0.09300000000000001,0.009899999999999999,0.6881,188,XHB,0.0097,0.19409099,0.09302669999999999,0.1741476,0.0011999999,0.9988,0.0,0.0,0.0,0.0,0.5003,0.0,0.0,0.0,0.0,0.4997,0.0,0.0,0.0,188,1.63,30.48
165,312,IOO,0.1646,0.1038,0.00017,0.6876000000000001,189,IOO,0.0173,0.1596944,0.1072403,0.115758896,0.0031,0.9969,0.0,0.0,0.016,0.08800000000000001,0.1008,0.0929,0.060900003,0.099300005,0.1278,0.044699997000000005,0.0037,0.35979998,0.006,189,0.96,17.83
166,313,NZAC,0.0885,0.0473,0.018000000000000002,0.6835,190,NZAC,0.0179,0.07853560000000001,0.048548397,0.0725916,0.0092,0.9854,0.0,0.0054,0.0251,0.0733,0.096999995,0.0311,0.0,0.16479999,0.1392,0.1319,0.0478,0.2615,0.028199999,190,0.65,18.18
167,314,BMVP,0.068,0.0501,0.0302,0.6828,191,BMVP,0.0139,0.055472497,0.051938599999999994,0.030363799999999996,0.0002,0.9998,0.0,0.0,0.056799997000000005,0.049200002,0.1102,0.069,0.0699,0.1254,0.1234,0.1238,0.0531,0.16690001,0.0523,191,0.33,20.32
168,315,XHS,-0.0358,0.0,0.0026,0.6820999999999999,192,XHS,0.0026,-0.0406721,0.0034146999999999997,0.025444701,0.0008,0.9992,0.0,0.0,0.0,0.0,0.0,0.019199999,0.0,0.0147,0.9661,0.0,0.0,0.0,0.0,192,0.45,24.41
169,316,SPHD,-0.084,0.0834,0.0462,0.6819,193,SPHD,0.0464,-0.0926124,0.084519796,0.031038899,0.0,1.0,0.0,0.0,0.0627,0.0614,0.0863,0.115200005,0.1154,0.024600001,0.14930001,0.0372,0.1583,0.0223,0.1673,193,0.43,19.59
170,317,IYW,0.44780000000000003,0.11289999999999999,3.7000000000000005e-05,0.6817,194,IYW,0.0039,0.43928599999999995,0.11620330000000001,0.1966241,0.0005,0.9995,0.0,0.0,0.0,0.1513,0.0,0.0,0.0,0.00029999999,0.0,0.003,0.0,0.84540004,0.0,194,1.58,23.75
171,318,EWGS,0.0072,-0.0362,0.000301,0.6795,195,EWGS,0.0191,-0.0034667999,-0.0360852,0.012400399999999999,0.0011,0.97480005,0.0,0.0,0.0758,0.1078,0.09020001,0.0174,0.0,0.0332,0.14,0.3037,0.0523,0.1549,0.0247,195,0.3,26.44
172,319,XLU,-0.14,0.0048,0.0355,0.6759000000000001,196,XLU,0.036000000000000004,-0.1484885,0.0042518,0.047112297000000004,0.0029,0.9971,0.0,0.0,0.0,0.0,0.0,0.0,0.0,0.0,0.0,0.0,0.0,0.0,1.0,196,0.57,17.13
173,320,IYH,-0.0341,0.0636,0.00012,0.6755,197,IYH,0.012200001,-0.044164702,0.0660105,0.0817885,0.0025,0.9975,0.0,0.0,0.0028,0.0,0.0,0.0,0.0,0.0,0.99660003,0.0005,0.0,0.0,0.0,197,0.7,16.14
174,321,RNLC,0.045899999999999996,0.0877,0.00016,0.675,198,RNLC,0.016,0.033141199999999996,0.0882596,0.08503560000000002,0.0037,0.9963,0.0,0.0,0.021,0.0318,0.0975,0.0637,0.053400002,0.106800005,0.13229999,0.10609999,0.0238,0.3401,0.023599999,198,0.81,20.11
175,322,URTH,0.1096,0.0708,0.000164,0.6748999999999999,199,URTH,0.0166,0.09966339999999999,0.07199630000000001,0.084848605,0.0041,0.9957,0.0,0.0,0.039100002,0.0732,0.10800000000000001,0.0712,0.0525,0.1454,0.1285,0.106000006,0.023699999,0.22690001,0.0253,199,0.74,18.62
176,324,EFIV,0.1557,0.1024,0.015,0.6692,201,EFIV,0.0153,0.1468009,0.10650029999999999,0.0,0.0005,0.9995,0.0,0.0,0.0212,0.0871,0.1224,0.0627,0.041500002,0.121700004,0.1361,0.0664,0.0233,0.3042,0.0135,201,0.0,0.0
177,325,XLB,0.0068000000000000005,0.073,0.0206,0.6666,202,XLB,0.0207,-0.0049155,0.0729609,0.0976355,0.0021,0.9979,0.0,0.0,0.90470004,0.0,0.0953,0.0,0.0,0.0,0.0,0.0,0.0,0.0,0.0,202,0.9,22.71
178,326,VIG,0.0438,0.0719,0.000201,0.6664,203,VIG,0.020399999,0.035018303,0.074594595,0.10159810000000001,0.0072000003,0.9928,0.0,0.0,0.041500002,0.0137,0.0717,0.120699994,0.0353,0.1823,0.1547,0.1297,0.0,0.2236,0.026700001,203,0.84,16.92
179,327,VPU,-0.1446,0.0042,0.000361,0.6656,204,VPU,0.0366,-0.1529811,0.0039537,0.039659802,0.0191,0.9809,0.0,0.0,0.0,0.0,0.0,0.0,0.0047,0.0,0.0,0.0,0.0,0.0011,0.9942,204,0.51,16.84
180,328,TOK,0.1184,0.075,0.000183,0.6631999999999999,205,TOK,0.0186,0.10735639999999999,0.0783045,0.090374604,0.004,0.9958,0.0,0.0,0.0387,0.0735,0.104499996,0.0721,0.0552,0.1466,0.1312,0.0975,0.0232,0.23120001,0.026199998,205,0.79,19.0
181,330,XLI,0.0374,0.08929999999999999,0.0165,0.6602,207,XLI,0.0168,0.027862797999999998,0.090434305,0.083151795,0.0005999999700000001,0.9994,0.0,0.0,0.0,0.0,0.0034999999,0.0,0.0,0.0,0.0,0.96860003,0.0,0.0279,0.0,207,0.8,22.93
182,331,VPL,0.0323,0.012199999999999999,0.00029600000000000004,0.66,208,VPL,0.0295,0.0237301,0.009770799,0.0238046,0.023,0.97690004,0.0,0.0,0.091400005,0.0509,0.13159999,0.052699998,0.0194,0.1737,0.0753,0.1843,0.056199998,0.14770001,0.0167,208,0.26,17.64
183,332,USMV,0.0271,0.0542,0.000181,0.6598999999999999,209,USMV,0.0184,0.016261,0.055854302,0.07389689999999999,0.0022,0.9978,0.0,0.0,0.021300001000000002,0.0637,0.059000000000000004,0.1065,0.023699999,0.120900005,0.1928,0.097799994,0.0013,0.24379998,0.0691,209,0.65,15.3
184,333,DGRO,0.0092,0.0868,0.00025499999999999996,0.6598,210,DGRO,0.0257,0.0005801000000000001,0.08893939999999999,0.0926539,0.0032,0.9967,0.0,0.0,0.0247,0.0152,0.060599997999999995,0.10560001,0.07400000000000001,0.18620001,0.19559999,0.111899994,0.0,0.1596,0.0665,210,0.82,17.66
185,335,WOOD,0.015600000000000001,0.0455,0.00019800000000000002,0.6579999999999999,212,WOOD,0.0195,0.0012416999999999999,0.0414333,0.0322811,0.0066000004,0.9934,0.0,0.0,0.614,0.0,0.1989,0.0,0.0,0.0,0.0,0.0185,0.16860001,0.0,0.0,212,0.38,24.57
186,337,IXC,0.1014,0.431,0.000433,0.6537999999999999,214,IXC,0.043899997999999996,0.0991713,0.4369012,0.0828882,0.005,0.995,0.0,0.0,0.0,0.0,0.0,0.0,0.9991,0.0,0.0,0.00090000004,0.0,0.0,0.0,214,0.98,32.23
187,338,FJP,0.1478,0.0178,0.000167,0.6529,215,FJP,0.0161,0.1433219,0.0166765,-0.0018179000000000001,0.0011999999,0.9988,0.0,0.0,0.115,0.0056,0.244,0.0195,0.0519,0.0505,0.013099999,0.33299999999999996,0.015700001,0.085,0.06670000400000001,215,0.06,16.89
188,340,SPYD,-0.0915,0.1166,0.051,0.6515000000000001,217,SPYD,0.0514,-0.1037556,0.11684220000000001,0.0338429,0.0047,0.9953,0.0,0.0,0.0394,0.0275,0.106000006,0.0509,0.0716,0.21790001,0.09029999400000001,0.0125,0.20709999,0.0298,0.1469,217,0.52,23.04
189,341,VHT,-0.0407,0.0521,0.000147,0.6505,218,VHT,0.0149,-0.0507128,0.054203402000000005,0.078511,0.01,0.99,0.0,0.0,0.0026,0.0,0.0,0.0002,0.0,0.00029999999,0.9962,0.0005999999700000001,0.0,0.0001,0.0,218,0.67,16.23
190,342,PFM,0.018799999999999997,0.0724,0.0196,0.6504000000000001,219,PFM,0.0197,0.010980998999999998,0.0750383,0.0864531,0.0005,0.9995,0.0,0.0,0.027000000000000003,0.0202,0.061300002,0.13069999,0.0543,0.1731,0.14739999,0.1228,0.0186,0.2022,0.0424,219,0.76,16.54
191,343,GLOF,0.0942,0.0587,0.000242,0.65,220,GLOF,0.024500001,0.084205195,0.059137903,0.059260897,0.0046,0.992,0.0,0.0,0.0435,0.0716,0.1257,0.070700005,0.0456,0.1568,0.12300000000000001,0.08189999,0.0107,0.24370001,0.027000000000000003,220,0.52,18.3
192,346,CARZ,0.24789999999999998,0.0907,0.00016199999999999998,0.6439,223,CARZ,0.015700001,0.22832800000000003,0.087243006,0.10532830000000001,0.0069,0.99300003,0.0,0.0,0.060500003,0.0615,0.2768,0.0,0.0,0.0,0.0,0.0598,0.0,0.5413,0.0,223,1.09,29.05
193,347,IGM,0.3912,0.0673,5e-05,0.6418,224,IGM,0.0042,0.3851502,0.07013889999999999,0.1556339,0.0005999999700000001,0.9994,0.0,0.0,0.0,0.19680001,0.0004,0.0,0.0,0.00029999999,0.0,0.0011999999,0.0,0.8014,0.0,224,1.28,23.83
194,348,NANR,0.0095,0.2606,0.030600000000000002,0.6385000000000001,225,NANR,0.0313,0.007458199699999999,0.2674802,0.1300469,0.00090000004,0.9991,0.0,0.0,0.4293,0.0,0.0,0.057800002,0.5129,0.0,0.0,0.0,0.0,0.0,0.0,225,1.28,28.37
195,349,HAIL,-0.0212,-0.10279999999999999,0.0215,0.6384000000000001,226,HAIL,0.022000000000000002,-0.044246003,-0.1066238,0.0233378,-0.00029999999,1.0001999,0.0,0.0,0.0099,0.0108,0.41619998,0.0,0.0,0.0,0.0,0.2771,0.0,0.28600000000000003,0.0,226,0.74,36.93
196,350,QUS,0.1131,0.09359999999999999,0.0159,0.6381,227,QUS,0.0162,0.10224941,0.095715,0.1053265,0.00090000004,0.9990000000000001,0.0,0.0,0.019,0.0888,0.059299998,0.0794,0.039,0.1439,0.18370001,0.09970000400000001,0.0087,0.24540001,0.0332,227,0.89,17.49
197,351,FID,-0.0334,0.0409,0.00046600000000000005,0.6374,228,FID,0.0456,-0.041188598,0.038561102,0.0121313,0.0092,0.9908,0.0,0.0,0.0444,0.0482,0.089499995,0.0405,0.0701,0.2589,0.0123000005,0.1462,0.120699994,0.0332,0.1359,228,0.22,18.18
198,352,VDC,-0.0443,0.0458,0.000262,0.6371,229,VDC,0.025799999,-0.051009897,0.0476932,0.07403539999999999,0.011000000000000001,0.9890000000000001,0.0,0.0,0.002,0.0,0.0072000003,0.9821,0.0,0.0,0.007099999599999999,0.0016,0.0,0.0,0.0,229,0.74,14.75
199,353,WDIV,-0.054900000000000004,0.0444,0.054299999999999994,0.6359,230,WDIV,0.0539,-0.062210597,0.0442418,0.006509,0.0095999995,0.9904,0.0,0.0,0.0494,0.0544,0.0727,0.0557,0.0622,0.2559,0.0173,0.1289,0.14829999,0.041500002,0.11359999,230,0.21,18.65
200,354,FCTR,-0.1286,-0.0242,0.000117,0.6353,231,FCTR,0.0114,-0.13930391,-0.0244404,0.052385802999999995,0.0013,0.9987,0.0,0.0,0.036000000000000004,0.008,0.0856,0.0373,0.080299996,0.16420001,0.0923,0.1583,0.035,0.30110002,0.002,231,0.57,22.04
201,355,SPMV,0.0104,0.053399999999999996,0.0191,0.6351,232,SPMV,0.0199,0.0028531,0.056527,0.079941705,-0.00090000004,1.0008999,0.0,0.0,0.0,0.0529,0.089099996,0.1155,0.0067000003,0.1835,0.1849,0.033800002,0.0379,0.2225,0.0731,232,0.68,16.54
202,356,FGM,0.0067,-0.0559,0.000257,0.6338,233,FGM,0.0248,-0.0109063005,-0.061847902999999996,-0.018516900000000003,0.0004,0.9907,0.0,0.0,0.1576,0.053200002999999996,0.24200001,0.0,0.0,0.1162,0.090500005,0.2557,0.0106,0.0399,0.0341,233,0.06,25.0
203,360,RSPU,-0.1076,0.0269,0.04019999999999999,0.6295000000000001,237,RSPU,0.028900001,-0.11223891,0.0274367,0.049412098,-0.0005,1.0005001,0.0,0.0,0.0,0.0,0.0,0.0,0.0,0.0,0.0,0.0,0.0,0.0,1.0,237,0.58,17.22
204,361,IVW,0.19690000000000002,0.058899999999999994,9.900000000000001e-05,0.6292,238,IVW,0.010199999,0.1847338,0.0610332,0.11796760000000002,0.0017,0.9983,0.0,0.0,0.019299998999999998,0.0789,0.1038,0.0633,0.0721,0.07,0.1723,0.0495,0.0083,0.35779998,0.0047,238,0.99,20.64
205,362,SPYG,0.198,0.0602,0.011200000000000002,0.6292,239,SPYG,0.0115,0.1863105,0.062410900000000005,0.11962910000000002,0.0005,0.9995,0.0,0.0,0.019299998999999998,0.0788,0.103599995,0.0633,0.0721,0.07,0.1731,0.0494,0.0083,0.35740003,0.0047,239,1.0,20.62
206,363,IGE,0.065,0.3187,0.000278,0.629,240,IGE,0.028299998,0.061554298,0.32503077,0.0859283,0.0028,0.9972,0.0,0.0,0.1311,0.0,0.051599998,0.0,0.8114,0.0,0.0034999999,0.0015,0.0,0.0,0.00090000004,240,0.97,31.03
207,364,VOOG,0.1974,0.0594,0.000107,0.629,241,VOOG,0.011000000000000001,0.18582479999999998,0.061921500000000004,0.1188415,0.006,0.9940000000000001,0.0,0.0,0.019299998999999998,0.0788,0.1037,0.0633,0.0721,0.07,0.1732,0.048800003,0.0083,0.35759997,0.0047,241,1.0,20.65
208,365,ACWI,0.0987,0.0567,0.00017600000000000002,0.6286,242,ACWI,0.0176,0.088938,0.0570933,0.075103305,0.0044,0.9954,0.0,0.0,0.0437,0.0763,0.1103,0.070199996,0.052399997000000004,0.1528,0.1192,0.1021,0.0231,0.2244,0.0256,242,0.66,18.25
209,367,CRBN,0.0967,0.053200000000000004,0.000178,0.6261,244,CRBN,0.018099999,0.0875527,0.05458880000000001,0.0769174,0.0049,0.9951,0.0,0.0,0.0374,0.088599995,0.0998,0.0683,0.0377,0.1726,0.121700004,0.0987,0.028199999,0.22659999,0.020399999,244,0.68,18.32
210,368,IXG,0.0134,0.1148,0.000308,0.6244,245,IXG,0.0312,0.0024572,0.11355710000000001,0.047358297,0.0078,0.9922,0.0,0.0,0.0,0.0,0.0011,0.0,0.0,0.97400004,0.0,0.0047,0.0,0.0201,0.0,245,0.55,22.52
211,369,FDT,0.0473,0.018799999999999997,0.00031800000000000003,0.6228,246,FDT,0.0307,0.0365951,0.0175768,0.005661600300000001,0.0044,0.9879,0.0,0.0066000004,0.1682,0.0238,0.1706,0.0276,0.1373,0.0592,0.0023,0.2861,0.0152,0.070700005,0.039100002,246,0.15,20.93
212,372,IDU,-0.127,0.006500000000000001,0.000294,0.6204999999999999,249,IDU,0.0299,-0.13535671,0.0056928005,0.0394483,0.0027,0.9973,0.0,0.0,0.0,0.0,0.0,0.0,0.0045,0.0,0.0,0.1016,0.0,0.0026,0.89129996,249,0.5,16.82
213,374,SPGM,0.0883,0.061900000000000004,0.0222,0.6199,251,SPGM,0.023,0.0784434,0.0633291,0.0764535,0.0045,0.99480003,0.0,0.00029999999,0.0423,0.074200004,0.1113,0.06670000400000001,0.0553,0.15,0.122700006,0.1173,0.026400002000000002,0.21280001,0.0209,251,0.68,18.27
214,377,IUSG,0.18969999999999998,0.0604,0.000114,0.6159,254,IUSG,0.0115,0.17725201,0.0618609,0.11649289999999998,0.0016,0.9985,0.0,0.0,0.0222,0.0752,0.105500005,0.062,0.0735,0.0715,0.1685,0.0596,0.0108,0.3449,0.0063,254,0.98,20.61
215,378,SDY,-0.07200000000000001,0.0833,0.0278,0.6154999999999999,255,SDY,0.0279,-0.0817616,0.08507469999999999,0.0657928,0.0042,0.9958,0.0,0.0,0.078600004,0.0016,0.0621,0.17959999,0.0477,0.1196,0.1025,0.2192,0.0431,0.043,0.10300000000000001,255,0.64,18.05
216,379,FTA,-0.0069,0.11560000000000001,0.000238,0.6154,256,FTA,0.023599999,-0.018344099,0.115745,0.063860506,0.0066000004,0.9934,0.0,0.0,0.067600004,0.048699997,0.084,0.0726,0.0588,0.2403,0.0793,0.12140000599999999,0.0298,0.0796,0.1178,256,0.71,23.61
217,380,FTXR,0.0776,0.0425,0.000185,0.6142,257,FTXR,0.0177,0.057457900000000006,0.039079699999999995,0.036709398,0.0026,0.9974,0.0,0.0,0.0,0.0,0.3332,0.0,0.0,0.0,0.0,0.6668,0.0,0.0,0.0,257,0.64,29.35
218,382,VIS,0.06509999999999999,0.09300000000000001,0.000142,0.6128,259,VIS,0.014400001,0.05382869999999999,0.09352060400000001,0.0853162,0.0109,0.9890000000000001,0.0,0.0,0.0041,0.0005,0.0083,0.0,0.0005,0.0005,0.0002,0.9249,0.0,0.060700002999999995,0.00029999999,259,0.82,23.22
219,383,RSP,0.008199999999999999,0.09179999999999999,0.0179,0.6103000000000001,260,RSP,0.018000000000000002,-0.004259399999999999,0.092142604,0.08585849400000001,-0.0011999999,1.0012001,0.0,0.0,0.044000000000000004,0.0404,0.115,0.073,0.047399998,0.1361,0.1338,0.1427,0.059899997,0.1492,0.0586,260,0.81,20.97
220,385,NEAR,0.0431,0.0178,0.000395,0.6096,262,NEAR,0.0373,0.0435517,0.01796,0.020206400000000003,0.1667,0.0,0.8333,0.0,0.0,0.0,0.0,0.0,0.0,0.0,1.0,0.0,0.0,0.0,0.0,262,0.17,2.05
221,386,FTAG,-0.08810000000000001,0.0688,0.00037999999999999997,0.6096,263,FTAG,0.0369,-0.093471006,0.0684529,0.0279721,0.0038,0.9962,0.0,0.0,0.5398,0.0,0.0465,0.0744,0.0,0.0,0.0926,0.2467,0.0,0.0,0.0,263,0.41,23.34
222,387,ILCG,0.24670000000000003,0.038,7.1e-05,0.6093999999999999,264,ILCG,0.0073,0.23666139,0.040545903,0.12259091,0.0015,0.9985,0.0,0.0,0.0148,0.081599995,0.1583,0.0323,0.0155,0.06670000400000001,0.1013,0.0623,0.0254,0.4352,0.0066000004,264,1.03,21.66
223,389,FGD,-0.0282,0.0944,0.000656,0.6083,266,FGD,0.0655,-0.0337941,0.0935518,0.027627999,0.012200001,0.9878,0.0,0.0,0.1026,0.0762,0.0825,0.060500003,0.0919,0.34669998,0.0,0.139,0.0336,0.0,0.067,266,0.39,22.03
224,391,VYM,-0.0259,0.10369999999999999,0.00032300000000000004,0.6043999999999999,268,VYM,0.0325,-0.0339548,0.10584541,0.0725055,0.002,0.998,0.0,0.0,0.0235,0.036000000000000004,0.0673,0.1418,0.1174,0.1991,0.13319999,0.1184,0.0001,0.09689999,0.066199996,268,0.68,17.67
225,393,IYT,0.07150000000000001,0.0378,0.000144,0.6038,270,IYT,0.014400001,0.0646519,0.039533,0.0496045,0.0011,0.9989,0.0,0.0,0.0,0.0,0.0,0.0,0.0,0.0,0.0,0.86730003,0.0,0.13270001,0.0,270,0.6,25.55
226,394,RWX,-0.1035,-0.0401,0.052199999999999996,0.6038,271,RWX,0.0514,-0.1128567,-0.043207597,-0.041713,0.0011,0.9814,0.0,0.0173,0.0,0.0,0.0,0.0,0.0,0.0,0.0,0.0,1.0,0.0,0.0,271,-0.16,19.86
227,395,SPMO,0.0355,0.055,0.0204,0.6035,272,SPMO,0.021,0.026484301000000002,0.058034800000000004,0.10498640000000001,-0.0017,1.0016999,0.0,0.0,0.045,0.1271,0.0854,0.0398,0.0327,0.08310000599999999,0.18040001,0.1709,0.0019,0.22209999,0.0116,272,0.84,18.3
228,398,XRLV,-0.062,0.0617,0.0256,0.6002000000000001,275,XRLV,0.025799999,-0.0692747,0.0641623,0.072115205,-0.0023,1.0023,0.0,0.0,0.0092,0.019199999,0.0723,0.2574,0.0091,0.1342,0.1587,0.0992,0.0189,0.040599998,0.18120001,275,0.63,17.13
229,399,DYNF,0.2157,0.0975,0.000131,0.6,276,DYNF,0.0134000005,0.20516729999999997,0.0988398,0.0,0.0011999999,0.9988,0.0,0.0,0.0,0.0652,0.17870001,0.0164,0.1254,0.16450001,0.0125,0.0502,0.0,0.38709998,0.0,276,0.0,0.0
230,401,FTDS,0.0108,0.0779,0.000237,0.5993999999999999,278,FTDS,0.0239,0.0032531999999999995,0.07509539999999999,0.063722104,0.0038,0.9962,0.0,0.0,0.0776,0.0,0.16440001,0.059499998,0.17940001,0.1943,0.0364,0.2134,0.0188,0.056399997,0.0,278,0.61,23.11
231,404,DVY,-0.083,0.1137,0.00040300000000000004,0.5966,281,DVY,0.0402,-0.0930986,0.11317429999999999,0.05537779599999999,0.0042,0.9958,0.0,0.0,0.0399,0.0553,0.1109,0.086899996,0.066300005,0.2386,0.0448,0.037000000000000005,0.0,0.0572,0.2631,281,0.6,19.74
232,405,QQQJ,0.0197,-0.0227,0.0088,0.5966,282,QQQJ,0.0087,0.0037681999999999993,-0.026399601,0.0,0.00029999999,0.9997,0.0,0.0,0.0138,0.094799995,0.09970000400000001,0.0225,0.019199999,0.0,0.24059999,0.111899994,0.0,0.38279998,0.0148,282,0.0,0.0
233,406,EWM,-0.07780000000000001,-0.0435,0.00028,0.5959,283,EWM,0.028199999,-0.0804206,-0.048218597,-0.043064099999999994,0.0086,0.9914,0.0,0.0,0.0884,0.08779999599999999,0.0625,0.1271,0.0326,0.4055,0.030299998999999998,0.0557,0.0,0.0178,0.0925,283,-0.35,15.65
234,407,EMXF,-0.0131,-0.0102,0.000256,0.5958,284,EMXF,0.0253,-0.014387799,-0.0120164,0.0,0.0034,0.99660003,0.0,0.0,0.045700002,0.0892,0.1697,0.053400002,0.0,0.3524,0.0454,0.0448,0.0187,0.1748,0.006,284,0.0,0.0
235,409,SPVM,-0.009399999999999999,0.1143,0.026099999999999998,0.5951,286,SPVM,0.026800001,-0.0208639,0.11462691,0.07019410000000001,0.0013,0.9987,0.0,0.0,0.0719,0.012200001,0.1075,0.040900003,0.2628,0.1846,0.1003,0.1042,0.0063,0.014400001,0.0949,286,0.74,22.15
236,410,FTSM,0.0363,0.015700000000000002,0.00042,0.5948,287,FTSM,0.0421,0.036852602000000005,0.016006799999999998,0.017672900000000002,0.3989,0.0,0.6011,0.0,0.0,0.0,0.0,0.0,0.0,0.0,0.0,0.0,1.0,0.0,0.0,287,0.14,1.12
237,412,VAW,0.0033,0.0788,0.00019199999999999998,0.5941,289,VAW,0.019199999,-0.008346301,0.07919119999999999,0.0891447,0.016900001,0.9831,0.0,0.0,0.8669,0.0,0.11,0.0,0.0,0.0,0.0089,0.014199999,0.0,0.0,0.0,289,0.85,23.73
238,413,SPLV,-0.058899999999999994,0.0426,0.0246,0.5929,290,SPLV,0.0249,-0.06765639999999999,0.044406198,0.0607467,0.0,1.0,0.0,0.0,0.0,0.0196,0.072399996,0.2673,0.0091,0.1425,0.14819999,0.099,0.0189,0.0405,0.1824,290,0.56,15.39
239,414,TECB,0.34700000000000003,0.0356,3.2e-05,0.5925,291,TECB,0.0032,0.3410503,0.038548,0.0,0.0007,0.9992,0.0,0.0,0.0,0.12020001,0.065,0.0,0.0,0.0672,0.1104,0.0149,0.0227,0.5995,0.0,291,0.0,0.0
240,415,QQEW,0.17600000000000002,0.0528,6.5e-05,0.5924,292,QQEW,0.0064999997,0.1600863,0.053139902999999995,0.1226492,0.0017,0.9983,0.0,0.0,0.0,0.0919,0.1361,0.0696,0.0207,0.0093,0.1512,0.1014,0.01,0.37060001,0.0392,292,1.04,20.76
241,416,LRGF,0.12960000000000002,0.0911,0.00016,0.5922,293,LRGF,0.0163,0.1195496,0.0927349,0.08549771,0.0023,0.9978,0.0,0.0,0.0254,0.060399997999999996,0.12140000599999999,0.0709,0.0467,0.13069999,0.1338,0.0637,0.0182,0.3017,0.0271,293,0.73,19.09
242,417,ROKT,0.0173,0.0704,0.005,0.5916,294,ROKT,0.0050999997,0.006368,0.06856010000000001,0.0664714,0.0008,0.9992,0.0,0.0,0.0,0.0322,0.026500002,0.0,0.1007,0.0,0.0,0.6247,0.0,0.2159,0.0,294,0.0,0.0
243,418,IMCV,-0.0154,0.1152,0.000256,0.5905,295,IMCV,0.0253,-0.029207101,0.1158857,0.0542486,0.0037,0.9963,0.0,0.0,0.0759,0.024600001,0.0941,0.0432,0.066,0.1672,0.0921,0.127,0.0851,0.1155,0.1094,295,0.63,22.92
244,419,WPS,-0.0964,-0.0567,0.0002,0.59,296,WPS,0.0197,-0.1075999,-0.059795298,-0.0384834,0.0075,0.9896,0.0,0.0029,0.0,0.0,0.0025,0.0,0.0,0.0,0.0,0.0,0.9975,0.0,0.0,296,-0.16,19.35
245,420,IYM,0.0076,0.08410000000000001,0.00018999999999999998,0.5893,297,IYM,0.0191,-0.0030254,0.0851776,0.08256060000000001,0.0023999998999999998,0.9976,0.0,0.0,0.8809999999999999,0.0,0.0434,0.0,0.0086,0.0,0.0,0.0671,0.0,0.0,0.0,297,0.83,24.98
246,424,CNRG,-0.2159,-0.0677,0.0113,0.5876,301,CNRG,0.0121,-0.23096889999999998,-0.076809004,0.1787598,0.001,0.9991,0.0,0.0,0.0,0.0,0.0312,0.0,0.0252,0.0,0.0,0.3068,0.0,0.29860002,0.3382,301,0.0,0.0
247,425,IWY,0.3102,0.0859,6.9e-05,0.5871,302,IWY,0.007099999599999999,0.29899509999999996,0.088952705,0.1524595,0.0013,0.9987,0.0,0.0,0.0058999998,0.1279,0.16450001,0.045,0.0,0.0584,0.0994,0.034,0.0076,0.4573,0.0,302,1.25,21.42
248,427,DVYA,-0.028300000000000002,0.039900000000000005,0.000691,0.5866,304,DVYA,0.0681,-0.0335893,0.040225800000000006,-0.004244799699999999,0.013099999,0.98690003,0.0,0.0,0.1014,0.045900002,0.1331,0.0315,0.049000002,0.2007,0.0,0.2518,0.111499995,0.0397,0.0352,304,0.15,21.5
249,429,VT,0.0901,0.057,0.00021,0.5858,306,VT,0.0212,0.08074769999999999,0.057364896,0.0747452,0.014400001,0.985,0.0,0.0005,0.0463,0.071,0.11229999,0.0665,0.051999997,0.1531,0.11699999999999999,0.111499995,0.0301,0.2142,0.025999999,306,0.66,18.52
250,430,ACWV,0.011399999999999999,0.026000000000000002,0.000215,0.5849,307,ACWV,0.0217,0.0028391,0.026503699,0.043086,0.0036000002,0.9959,0.0005,0.0,0.0339,0.12149999,0.0588,0.1163,0.0219,0.1288,0.1826,0.095699996,0.0042,0.16700001,0.069299996,307,0.38,12.69
251,431,ONEV,0.0275,0.1026,0.018799999999999997,0.5842,308,ONEV,0.019,0.013877500000000001,0.103061706,0.092863195,0.0008,0.9992,0.0,0.0,0.0466,0.026300002000000003,0.1609,0.0675,0.056799997000000005,0.0798,0.1181,0.1851,0.0612,0.1353,0.0624,308,0.85,19.46
252,432,FTCS,0.0059,0.059800000000000006,0.000139,0.5836,309,FTCS,0.014099998999999998,-0.0017585,0.062141499999999995,0.0849337,0.0032,0.9967,0.0,0.0,0.0196,0.0,0.0612,0.156,0.0222,0.165,0.2377,0.2378,0.0,0.1005,0.0,309,0.71,17.22
253,433,HDV,-0.0297,0.1023,0.000412,0.5834,310,HDV,0.041100002999999996,-0.03646459999999999,0.10545850000000001,0.0565761,0.0016,0.9985,0.0,0.0,0.0195,0.0872,0.007900001,0.1456,0.2316,0.0849,0.19540001,0.035099998,0.0,0.0945,0.0983,310,0.6,17.97
254,434,HUSV,-0.0335,0.0554,0.000182,0.5825,311,HUSV,0.0186,-0.03926369999999999,0.0582211,0.07842539999999999,0.0033000002,0.9967,0.0,0.0,0.0191,0.0226,0.0889,0.1664,0.0344,0.14729999,0.1166,0.1302,0.035,0.18600000000000003,0.0537,311,0.68,16.76
255,435,EWH,-0.17370000000000002,-0.055,0.000343,0.581,312,EWH,0.0345,-0.18701228,-0.05973150000000001,-0.027560899,0.0041,0.9959,0.0,0.0,0.0086,0.0137,0.0648,0.0269,0.0,0.42369998,0.0,0.14829999,0.2193,0.0,0.094799995,312,-0.13,22.53
256,436,IGN,-0.1568,0.055099999999999996,4.2e-05,0.5805,313,IGN,0.004,-0.16592449,0.052371804,0.030220399,0.00090000004,0.9991,0.0,0.0,0.0,0.0115,0.0,0.0,0.0,0.0,0.0,0.0,0.0,0.9885,0.0,313,0.51,26.26
257,437,IYE,0.061500000000000006,0.48810000000000003,0.000287,0.5796,314,IYE,0.029000001,0.05942000000000001,0.49846599,0.085742995,0.0019,0.9981,0.0,0.0,0.0,0.0,0.00090000004,0.0,0.97620004,0.0,0.0,0.0023,0.0,0.0194,0.0011999999,314,1.17,38.02
258,438,FEX,0.018799999999999997,0.0796,0.00016299999999999998,0.5791,315,FEX,0.0162,0.0048782,0.078748204,0.0789295,0.0039,0.9961,0.0,0.0,0.0544,0.0325,0.10640000599999999,0.0473,0.0626,0.15529999,0.0747,0.16780001,0.0322,0.1972,0.0696,315,0.74,21.04
259,439,RLY,-0.0085,0.1383,0.0546,0.579,316,RLY,0.0546,-0.010790000000000001,0.1391876,0.061498597,0.1877,0.628,0.1197,0.0647,0.2548,0.0,0.0335,0.0249,0.3351,0.0,0.0007,0.16280001,0.028099999,0.0,0.1602,316,0.58,16.67
260,440,VOE,-0.025099999999999997,0.091,0.000249,0.578,317,VOE,0.0251,-0.039291,0.0898012,0.05957280000000001,0.0052,0.99480003,0.0,0.0,0.071,0.028900001,0.0857,0.061100002,0.0342,0.18030001,0.0907,0.1445,0.097600006,0.080699995,0.12529999,317,0.64,21.93
261,441,XVV,0.1607,0.083,0.000136,0.5765,318,XVV,0.0137,0.15164329,0.086668596,0.0,0.0022,0.9978,0.0,0.0,0.023599999,0.0986,0.1188,0.0577,0.0139,0.1305,0.1368,0.0692,0.026400002000000002,0.3116,0.012999999,318,0.0,0.0
262,442,FDL,-0.0592,0.1192,0.00045,0.5760000000000001,319,FDL,0.0454,-0.068850495,0.11522950000000001,0.06641960000000001,0.0109,0.98910004,0.0,0.0,0.0227,0.083900005,0.0392,0.115100004,0.1767,0.22670001,0.1672,0.025899999,0.0,0.0471,0.0954,319,0.7,19.52
263,443,VONG,0.2702,0.0712,7.6e-05,0.5760000000000001,320,VONG,0.0078,0.2598905,0.0741352,0.14151579,0.0002,0.9999,0.0,0.0,0.0062,0.115600005,0.159,0.043,0.0058,0.0625,0.113199994,0.053200002999999996,0.0088,0.4321,0.0005999999700000001,320,1.16,21.3
264,444,IWF,0.2699,0.0708,7.3e-05,0.5758,321,IWF,0.0075,0.25936750000000003,0.07321799999999999,0.140263,0.0014,0.9987,0.0,0.0,0.0062,0.115600005,0.159,0.043,0.0058,0.0625,0.113199994,0.0533,0.0088,0.43200000000000005,0.0005999999700000001,321,1.15,21.29
265,448,EAGG,-0.0298,-0.0594,0.00032,0.5729,325,EAGG,0.0308,-0.0335481,-0.0602986,-0.0031641999,0.043,0.0,0.95699996,0.0,0.0,0.0,0.0,0.0,0.0,0.0,0.0,0.0,0.0,0.0,0.0,325,0.0,0.0
266,449,AIA,-0.0155,-0.07780000000000001,0.00026700000000000004,0.5710000000000001,326,AIA,0.026500002,-0.021429902,-0.0794122,0.014185499999999998,0.0033000002,0.9967,0.0,0.0,0.0312,0.1625,0.16379999,0.0,0.0,0.21350001,0.014199999,0.0178,0.0124,0.38459998,0.0,326,0.21,24.61
267,451,XAR,0.0684,0.08810000000000001,0.0042,0.5677,328,XAR,0.0044,0.062409000000000006,0.08697260000000001,0.056070600000000005,0.0008,0.9992,0.0,0.0,0.0,0.0,0.0,0.0,0.0,0.0,0.0,1.0,0.0,0.0,0.0,328,0.54,26.25
268,452,SHE,0.102,0.0388,0.0159,0.5670000000000001,329,SHE,0.0163,0.09545089999999999,0.041932803,0.059295703,0.0011999999,0.9988,0.0,0.0,0.0225,0.0875,0.1074,0.060300004000000004,0.047399998,0.12060001,0.1351,0.0817,0.024500001,0.2895,0.0235,329,0.55,19.9
269,453,SPYX,0.1349,0.0796,0.013000000000000001,0.5660000000000001,330,SPYX,0.013200001000000001,0.1252432,0.0833026,0.107803695,0.0018000001,0.9982,0.0,0.0,0.023,0.0923,0.1113,0.0678,0.013099999,0.1266,0.13949999,0.0848,0.024500001,0.2923,0.025,330,0.92,18.89
270,456,AOA,0.0667,0.0394,0.000202,0.563,333,AOA,0.0198,0.059162400000000004,0.0399473,0.0595224,0.0062,0.80230004,0.1911,0.0001,0.047199998,0.0712,0.11199999599999999,0.0701,0.053000003,0.154,0.1174,0.1121,0.0294,0.20719999,0.026500002,333,0.52,15.17
271,457,IFGL,-0.1093,-0.06,0.000215,0.5625,334,IFGL,0.0208,-0.1220962,-0.0648932,-0.0457749,0.0078,0.96870005,0.0,0.0235,0.0,0.0,0.0,0.0,0.0,0.0,0.0,0.0,1.0,0.0,0.0,334,-0.21,19.6
272,458,SPLG,0.1377,0.0908,0.0154,0.5611,335,SPLG,0.015700001,0.1282453,0.0934625,0.11114289999999999,0.0029,0.997,0.0,0.0,0.0221,0.0887,0.108500004,0.0653,0.047199998,0.1237,0.134,0.0817,0.023699999,0.28100002,0.0241,335,0.95,19.04
273,459,VOO,0.1383,0.0908,0.000155,0.5607,336,VOO,0.0159,0.1285699,0.09309769400000001,0.10957710400000001,0.0058,0.9942,0.0,0.0,0.0222,0.0887,0.1086,0.0652,0.047199998,0.1233,0.1342,0.081499994,0.023699999,0.28120002,0.0242,336,0.94,18.98
274,460,PBP,0.0785,0.0645,0.011699999999999999,0.5603,337,PBP,0.012,0.0707997,0.06631010000000001,0.033358099999999995,-0.0004,1.0004001,0.0,0.0,0.0222,0.089099996,0.1076,0.0653,0.048,0.1244,0.1347,0.08189999,0.023599999,0.2793,0.024,337,0.27,13.48
275,461,SPY,0.1374,0.0901,0.0149,0.5599000000000001,338,SPY,0.0152,0.1275453,0.0925436,0.109230205,0.0034,0.99660003,0.0,0.0,0.0221,0.0887,0.108500004,0.0652,0.047199998,0.1236,0.1341,0.081599995,0.023699999,0.2811,0.0241,338,0.93,18.92
276,462,IVV,0.1386,0.0909,0.000153,0.5596,339,IVV,0.0156,0.1283681,0.0931364,0.10964280000000001,0.0023999998999999998,0.9976,0.0,0.0,0.0221,0.0887,0.108500004,0.0652,0.047199998,0.1236,0.134,0.081599995,0.023699999,0.2811,0.0241,339,0.94,18.97
277,463,ONEY,-0.0054,0.1593,0.0339,0.5583,340,ONEY,0.0341,-0.018613400000000002,0.1590728,0.089598104,0.0018000001,0.9982,0.0,0.0,0.0743,0.016,0.1444,0.0758,0.1376,0.16430001,0.0317,0.1007,0.1091,0.055,0.0911,340,0.91,23.95
278,464,XLE,0.0795,0.5123,0.0333,0.5582,341,XLE,0.0336,0.07761939999999999,0.5220885000000001,0.10605779,0.0016,0.9984,0.0,0.0,0.0,0.0,0.0,0.0,1.0,0.0,0.0,0.0,0.0,0.0,0.0,341,1.33,38.35
279,466,EQWL,0.061799999999999994,0.10099999999999999,0.0209,0.5567,343,EQWL,0.0211,0.056000699999999994,0.10475730000000001,0.101147,0.0002,0.9998,0.0,0.0,0.0199,0.091800004,0.0996,0.1108,0.0311,0.18020001,0.1429,0.1292,0.019199999,0.13699999999999998,0.038399998,343,0.9,19.05
280,467,QQQ,0.37060000000000004,0.0866,0.006,0.5563,344,QQQ,0.006,0.35775268,0.08910010000000002,0.1658687,0.0,1.0,0.0,0.0,0.0,0.157,0.14130001,0.0644,0.0055,0.0056,0.0729,0.0494,0.0027,0.48880002,0.0124,344,1.37,22.52
281,468,QQQM,0.37170000000000003,0.0873,0.0066,0.556,345,QQQM,0.0067000003,0.3587228,0.090186596,0.0,-0.00029999999,1.0002999,0.0,0.0,0.0,0.1584,0.14039999,0.0646,0.0056,0.0055,0.0733,0.0498,0.0027,0.4871,0.0124,345,0.0,0.0
282,469,PEY,-0.053099999999999994,0.1209,0.0472,0.5533,346,PEY,0.0467,-0.0634576,0.1212786,0.0549243,0.0,1.0,0.0,0.0,0.0504,0.0602,0.106300004,0.1366,0.032,0.2521,0.0458,0.050300002,0.0231,0.018000000000000002,0.2252,346,0.65,20.19
283,470,EWT,0.10460000000000001,0.0603,0.001664,0.5529,347,EWT,0.0475,0.115039796,0.064446904,0.11811039599999999,0.0064999997,0.9935,0.0,0.0,0.059299998,0.031,0.0452,0.0208,0.0053,0.1873,0.0026,0.044499997,0.0,0.6042,0.0,347,0.94,22.91
284,471,STLG,0.2659,0.08529999999999999,0.000121,0.552,348,STLG,0.0124,0.25434439999999997,0.0886581,0.0,0.00090000004,0.9991,0.0,0.0,0.0,0.0645,0.16299999,0.056500003,0.0092,0.0381,0.0988,0.0653,0.0,0.4968,0.0078,348,0.0,0.0
285,477,FTXN,0.139,0.4972,0.000303,0.5468999999999999,354,FTXN,0.0313,0.1357342,0.5018912999999999,0.086949594,0.0063,0.9937,0.0,0.0,0.0,0.0,0.0,0.0,1.0,0.0,0.0,0.0,0.0,0.0,0.0,354,1.18,40.52
286,478,FXH,-0.11939999999999999,-0.013999999999999999,2.3999999999999997e-05,0.5468,355,FXH,0.0023999998999999998,-0.1292633,-0.013277200000000001,0.0383885,0.0013,0.9987,0.0,0.0,0.013200001000000001,0.0,0.0,0.0,0.0,0.0,0.9797,0.007099999599999999,0.0,0.0,0.0,355,0.37,18.3
287,479,FTRI,-0.0141,0.1722,0.000601,0.5468,356,FTRI,0.061100002,-0.018567700000000003,0.174279,0.07707510000000001,0.0183,0.9817,0.0,0.0,0.4058,0.0,0.0,0.13350001,0.402,0.0,0.0,0.0417,0.0,0.0,0.017,356,0.77,24.1
288,480,ONEO,0.028300000000000002,0.0814,0.0176,0.5463,357,ONEO,0.0177,0.0142407,0.081434004,0.071825,0.0011,0.9989,0.0,0.0,0.0598,0.020599999,0.16440001,0.0523,0.07200000000000001,0.0796,0.0959,0.2031,0.0271,0.2013,0.024,357,0.69,21.4
289,486,PBD,-0.2113,-0.1507,0.0378,0.5445,363,PBD,0.0359,-0.22764549,-0.1565147,0.06739550000000001,-0.0002,1.0001999,0.0,0.0,0.0557,0.0,0.1223,0.0,0.0211,0.0,0.0,0.35950002,0.0099,0.2076,0.22399999,363,1.04,33.83
290,487,MGK,0.34850000000000003,0.07,5.2e-05,0.5445,364,MGK,0.0053,0.33823159999999997,0.073141,0.14638879999999999,0.0014,0.9986,0.0,0.0,0.0172,0.152,0.17879999,0.023599999,0.0058999998,0.062,0.080699995,0.0124,0.0115,0.45599997,0.0,364,1.22,22.36
291,488,AFLG,0.08349999999999999,0.0712,0.000117,0.5438000000000001,365,AFLG,0.0121,0.0728174,0.0737168,0.0,0.0029,0.997,0.0,0.0,0.048299998,0.078,0.1011,0.0509,0.0383,0.111499995,0.12390000400000001,0.1126,0.031400002999999996,0.2769,0.0271,365,0.0,0.0
292,490,LDSF,0.0154,-0.009899999999999999,0.000385,0.5435,367,LDSF,0.038,0.0139595,-0.010475,0.0,0.0554,-0.0499,0.9943,0.0001,0.0,0.0,0.0,0.0,0.0,0.0,1.0,0.0,0.0,0.0,0.0,367,0.0,0.0
293,491,IMCB,0.0218,0.0552,0.000169,0.5431,368,IMCB,0.0171,0.0086789,0.056593399999999995,0.072346404,0.0028,0.9972,0.0,0.0,0.052800003,0.0306,0.0959,0.0437,0.050300002,0.1161,0.1103,0.1726,0.0787,0.1839,0.065,368,0.7,21.23
294,492,MGC,0.17059999999999997,0.0894,0.000143,0.5429999999999999,369,MGC,0.0146,0.16159400000000002,0.09193589999999999,0.1152765,0.0026,0.9974,0.0,0.0,0.0163,0.0991,0.109799996,0.0682,0.045300003,0.1246,0.1378,0.0652,0.0114,0.3084,0.013999999499999999,369,0.98,18.93
295,493,ESGV,0.1567,0.0668,0.00013000000000000002,0.5427000000000001,370,ESGV,0.012999999,0.1461387,0.068821505,0.1102539,0.0037,0.9963,0.0,0.0,0.0227,0.0994,0.1261,0.0574,0.0002,0.1268,0.14850001,0.0639,0.0332,0.3196,0.0021,370,0.94,19.75
296,494,XHE,-0.2059,-0.1128,0.0001,0.5411,371,XHE,0.0001,-0.2164868,-0.1139042,-0.023809200000000003,0.0015,0.9985,0.0,0.0,0.0,0.0,0.0,0.0,0.0,0.0,0.9839,0.0161,0.0,0.0,0.0,371,0.01,22.33
297,495,PBUS,0.1434,0.08289999999999999,0.014499999999999999,0.5403,372,PBUS,0.0148,0.1342319,0.0861164,0.103834,-0.00029999999,1.0002999,0.0,0.0,0.0226,0.088599995,0.1076,0.0629,0.0482,0.119799994,0.1328,0.0837,0.0241,0.2867,0.023,372,0.93,19.24
298,496,PHDG,-0.0024,-0.0048,0.0209,0.5403,373,PHDG,0.0214,-0.0053613,-0.0027217001,0.0380373,0.51060003,0.4403,0.0,0.049200002,0.0221,0.0887,0.108500004,0.0652,0.047199998,0.1236,0.134,0.081599995,0.023699999,0.2811,0.0241,373,0.24,11.03
299,497,LDEM,-0.0028000000000000004,-0.0478,0.00048300000000000003,0.5401,374,LDEM,0.0138,-0.0088847,-0.047789099999999994,0.0,0.0023999998999999998,0.9975,0.0,0.0,0.07780000599999999,0.1491,0.1357,0.0582,0.0529,0.239,0.043899997999999996,0.0727,0.0216,0.1311,0.018000000000000002,374,0.0,0.0
